model_id,channel_44_1,channel_44_2,channel_44_3,channel_44_4,channel_44_5,channel_44_6,channel_44_7,channel_44_8,channel_44_9,channel_44_10,channel_44_11,channel_44_12,channel_44_13,channel_44_14,channel_44_15,channel_44_16,channel_44_17,channel_44_18,channel_44_19,channel_44_20,channel_44_21,channel_44_22,channel_44_23,channel_44_24,channel_44_25,channel_44_26,channel_44_27,channel_44_28,channel_44_29,channel_44_30,channel_44_31,channel_44_32,channel_44_33,channel_44_34,channel_44_35,channel_44_36,channel_44_37,channel_44_38,channel_44_39,channel_44_40,channel_44_41,channel_44_42,channel_44_43,channel_44_44,channel_44_45,channel_44_46,channel_44_47,channel_44_48,channel_44_49,channel_44_50,channel_44_51,channel_44_52,channel_44_53,channel_44_54,channel_44_55,channel_44_56,channel_44_57,channel_44_58,channel_44_59,channel_44_60,channel_44_61,channel_44_62,channel_44_63,channel_44_64,channel_44_65,channel_44_66,channel_44_67,channel_44_68,channel_44_69,channel_44_70,channel_44_71,channel_44_72,channel_44_73,channel_44_74,channel_44_75,channel_45_1,channel_45_2,channel_45_3,channel_45_4,channel_45_5,channel_45_6,channel_45_7,channel_45_8,channel_45_9,channel_45_10,channel_45_11,channel_45_12,channel_45_13,channel_45_14,channel_45_15,channel_45_16,channel_45_17,channel_45_18,channel_45_19,channel_45_20,channel_45_21,channel_45_22,channel_45_23,channel_45_24,channel_45_25,channel_45_26,channel_45_27,channel_45_28,channel_45_29,channel_45_30,channel_45_31,channel_45_32,channel_45_33,channel_45_34,channel_45_35,channel_45_36,channel_45_37,channel_45_38,channel_45_39,channel_45_40,channel_45_41,channel_45_42,channel_45_43,channel_45_44,channel_45_45,channel_45_46,channel_45_47,channel_45_48,channel_45_49,channel_45_50,channel_45_51,channel_45_52,channel_45_53,channel_45_54,channel_45_55,channel_45_56,channel_45_57,channel_45_58,channel_45_59,channel_45_60,channel_45_61,channel_45_62,channel_45_63,channel_45_64,channel_45_65,channel_45_66,channel_45_67,channel_45_68,channel_45_69,channel_45_70,channel_45_71,channel_45_72,channel_45_73,channel_45_74,channel_45_75,channel_46_1,channel_46_2,channel_46_3,channel_46_4,channel_46_5,channel_46_6,channel_46_7,channel_46_8,channel_46_9,channel_46_10,channel_46_11,channel_46_12,channel_46_13,channel_46_14,channel_46_15,channel_46_16,channel_46_17,channel_46_18,channel_46_19,channel_46_20,channel_46_21,channel_46_22,channel_46_23,channel_46_24,channel_46_25,channel_46_26,channel_46_27,channel_46_28,channel_46_29,channel_46_30,channel_46_31,channel_46_32,channel_46_33,channel_46_34,channel_46_35,channel_46_36,channel_46_37,channel_46_38,channel_46_39,channel_46_40,channel_46_41,channel_46_42,channel_46_43,channel_46_44,channel_46_45,channel_46_46,channel_46_47,channel_46_48,channel_46_49,channel_46_50,channel_46_51,channel_46_52,channel_46_53,channel_46_54,channel_46_55,channel_46_56,channel_46_57,channel_46_58,channel_46_59,channel_46_60,channel_46_61,channel_46_62,channel_46_63,channel_46_64,channel_46_65,channel_46_66,channel_46_67,channel_46_68,channel_46_69,channel_46_70,channel_46_71,channel_46_72,channel_46_73,channel_46_74,channel_46_75
1,0.0,0.0,0.0,0.0,0.0,0.0,0.0,0.0,0.0,0.0,0.0,0.0,0.0,0.0,0.0,0.0,0.0,0.0,0.0,0.0,0.0,0.0,0.0,0.0,0.0,0.0,0.0,0.0,0.0,0.0,0.0,0.0,0.0,0.0,0.0,0.0,0.0,0.0,0.0,0.0,0.0,0.0,0.0,0.0,0.0,0.0,0.0,0.0,0.0,0.0,0.0,0.0,0.0,0.0,0.0,0.0,0.0,0.0,0.0,0.0,0.0,0.0,0.0,0.0,0.0,0.0,0.0,0.0,0.0,0.0,0.0,0.0,0.0,0.0,0.0,0.0,0.0,0.0,0.0,0.0,0.0,0.0,0.0,0.0,0.0,0.0,0.0,0.0,0.0,0.0,0.0,0.0,0.0,0.0,0.0,0.0,0.0,0.0,0.0,0.0,0.0,0.0,0.0,0.0,0.0,0.0,0.0,0.0,0.0,0.0,0.0,0.0,0.0,0.0,0.0,0.0,0.0,0.0,0.0,0.0,0.0,0.0,0.0,0.0,0.0,0.0,0.0,0.0,0.0,0.0,0.0,0.0,0.0,0.0,0.0,0.0,0.0,0.0,0.0,0.0,0.0,0.0,0.0,0.0,0.0,0.0,0.0,0.0,0.0,0.0,-0.0020491480827331543,-0.0034334659576416016,-0.004581093788146973,-0.005862057209014893,-0.00757676362991333,-0.009581148624420166,-0.011193513870239258,-0.012586534023284912,-0.014035999774932861,-0.015956997871398926,-0.017381668090820312,-0.0189286470413208,-0.019474804401397705,-0.019877731800079346,-0.020746290683746338,-0.020623087882995605,-0.020544886589050293,-0.019343793392181396,-0.017728149890899658,-0.016279101371765137,-0.01385807991027832,-0.011349737644195557,-0.007674098014831543,-0.0041190385818481445,-0.0005009174346923828,0.003719925880432129,0.00796729326248169,0.012749195098876953,0.01728665828704834,0.021298766136169434,0.02517920732498169,0.028845548629760742,0.0323486328125,0.035228192806243896,0.037178993225097656,0.038353919982910156,0.039044082164764404,0.039856672286987305,0.039165198802948,0.03779226541519165,0.035805583000183105,0.03329288959503174,0.031048834323883057,0.02756965160369873,0.023766934871673584,0.01949131488800049,0.015559017658233643,0.011781275272369385,0.007690072059631348,0.0036447644233703613,-0.00024396181106567383,-0.0035213232040405273,-0.006213545799255371,-0.009129941463470459,-0.011338949203491211,-0.013330459594726562,-0.014632582664489746,-0.015461146831512451,-0.016446053981781006,-0.016571044921875,-0.017027199268341064,-0.016573190689086914,-0.015541672706604004,-0.015302836894989014,-0.014466643333435059,-0.013750553131103516,-0.012046277523040771,-0.010815620422363281,-0.010018110275268555,-0.008799135684967041,-0.007745623588562012,-0.006464958190917969,-0.005266308784484863,-0.004595041275024414,-0.003668844699859619
2,0.0,0.0,0.0,0.0,0.0,0.0,0.0,0.0,0.0,0.0,0.0,0.0,0.0,0.0,0.0,0.0,0.0,0.0,0.0,0.0,0.0,0.0,0.0,0.0,0.0,0.0,0.0,0.0,0.0,0.0,0.0,0.0,0.0,0.0,0.0,0.0,0.0,0.0,0.0,0.0,0.0,0.0,0.0,0.0,0.0,0.0,0.0,0.0,0.0,0.0,0.0,0.0,0.0,0.0,0.0,0.0,0.0,0.0,0.0,0.0,0.0,0.0,0.0,0.0,0.0,0.0,0.0,0.0,0.0,0.0,0.0,0.0,0.0,0.0,0.0,0.0,0.0,0.0,0.0,0.0,0.0,0.0,0.0,0.0,0.0,0.0,0.0,0.0,0.0,0.0,0.0,0.0,0.0,0.0,0.0,0.0,0.0,0.0,0.0,0.0,0.0,0.0,0.0,0.0,0.0,0.0,0.0,0.0,0.0,0.0,0.0,0.0,0.0,0.0,0.0,0.0,0.0,0.0,0.0,0.0,0.0,0.0,0.0,0.0,0.0,0.0,0.0,0.0,0.0,0.0,0.0,0.0,0.0,0.0,0.0,0.0,0.0,0.0,0.0,0.0,0.0,0.0,0.0,0.0,0.0,0.0,0.0,0.0,0.0,0.0,0.021496891975402832,0.029563546180725098,0.034066855907440186,0.03481709957122803,0.03227531909942627,0.030541419982910156,0.030226945877075195,0.030006110668182373,0.03052002191543579,0.03126394748687744,0.03184539079666138,0.03250032663345337,0.03239095211029053,0.03186523914337158,0.03142857551574707,0.03160136938095093,0.032197415828704834,0.03225761651992798,0.032175660133361816,0.03196227550506592,0.03182673454284668,0.03220945596694946,0.03288674354553223,0.033274054527282715,0.032757461071014404,0.03147608041763306,0.030260443687438965,0.029866933822631836,0.03058171272277832,0.031251609325408936,0.03127157688140869,0.03100419044494629,0.03190422058105469,0.03164142370223999,0.02865755558013916,0.02154165506362915,0.00815582275390625,-0.008389770984649658,-0.021976470947265625,-0.030873119831085205,-0.03433680534362793,-0.03261536359786987,-0.03023374080657959,-0.02936708927154541,-0.029579460620880127,-0.03067147731781006,-0.03185683488845825,-0.03283846378326416,-0.033309221267700195,-0.03317689895629883,-0.03268253803253174,-0.03264164924621582,-0.03277832269668579,-0.033208250999450684,-0.033267438411712646,-0.033135175704956055,-0.032750606536865234,-0.03196525573730469,-0.031574130058288574,-0.03180748224258423,-0.032083988189697266,-0.03186541795730591,-0.031135201454162598,-0.03027874231338501,-0.030241668224334717,-0.030996322631835938,-0.031729936599731445,-0.03194838762283325,-0.0320892333984375,-0.03311502933502197,-0.03311896324157715,-0.03175610303878784,-0.0285528302192688,-0.021871447563171387,-0.01328665018081665
3,0.0,0.0,0.0,0.0,0.0,0.0,0.0,0.0,0.0,0.0,0.0,0.0,0.0,0.0,0.0,0.0,0.0,0.0,0.0,0.0,0.0,0.0,0.0,0.0,0.0,0.0,0.0,0.0,0.0,0.0,0.0,0.0,0.0,0.0,0.0,0.0,0.0,0.0,0.0,0.0,0.0,0.0,0.0,0.0,0.0,0.0,0.0,0.0,0.0,0.0,0.0,0.0,0.0,0.0,0.0,0.0,0.0,0.0,0.0,0.0,0.0,0.0,0.0,0.0,0.0,0.0,0.0,0.0,0.0,0.0,0.0,0.0,0.0,0.0,0.0,0.0,0.0,0.0,0.0,0.0,0.0,0.0,0.0,0.0,0.0,0.0,0.0,0.0,0.0,0.0,0.0,0.0,0.0,0.0,0.0,0.0,0.0,0.0,0.0,0.0,0.0,0.0,0.0,0.0,0.0,0.0,0.0,0.0,0.0,0.0,0.0,0.0,0.0,0.0,0.0,0.0,0.0,0.0,0.0,0.0,0.0,0.0,0.0,0.0,0.0,0.0,0.0,0.0,0.0,0.0,0.0,0.0,0.0,0.0,0.0,0.0,0.0,0.0,0.0,0.0,0.0,0.0,0.0,0.0,0.0,0.0,0.0,0.0,0.0,0.0,0.006521403789520264,0.007355749607086182,0.008472323417663574,0.010487079620361328,0.01287221908569336,0.015437304973602295,0.017543792724609375,0.020124971866607666,0.022736430168151855,0.025763869285583496,0.028329193592071533,0.030322253704071045,0.03228729963302612,0.03389394283294678,0.035535216331481934,0.036491334438323975,0.03657221794128418,0.03625690937042236,0.03573650121688843,0.035064518451690674,0.03359752893447876,0.03122168779373169,0.028865575790405273,0.026250004768371582,0.023871660232543945,0.02117055654525757,0.017810404300689697,0.014850437641143799,0.012168288230895996,0.009950578212738037,0.0073923468589782715,0.004757404327392578,0.0026845932006835938,0.0010368824005126953,-0.000535130500793457,-0.0024175643920898438,-0.004257500171661377,-0.005722701549530029,-0.007381618022918701,-0.008897781372070312,-0.01079016923904419,-0.013071119785308838,-0.01484823226928711,-0.016853034496307373,-0.01882016658782959,-0.021487832069396973,-0.023915469646453857,-0.026108980178833008,-0.028011322021484375,-0.029645085334777832,-0.031765639781951904,-0.03331345319747925,-0.03436344861984253,-0.03472036123275757,-0.03485107421875,-0.03493154048919678,-0.034599900245666504,-0.033493101596832275,-0.031747400760650635,-0.029681622982025146,-0.028156697750091553,-0.026041388511657715,-0.023604750633239746,-0.020542800426483154,-0.017758309841156006,-0.01550513505935669,-0.013143718242645264,-0.010469913482666016,-0.007822871208190918,-0.005723893642425537,-0.004312634468078613,-0.0028127431869506836,-0.0014414191246032715,-0.00010484457015991211,0.0008582472801208496
4,0.0,0.0,0.0,0.0,0.0,0.0,0.0,0.0,0.0,0.0,0.0,0.0,0.0,0.0,0.0,0.0,0.0,0.0,0.0,0.0,0.0,0.0,0.0,0.0,0.0,0.0,0.0,0.0,0.0,0.0,0.0,0.0,0.0,0.0,0.0,0.0,0.0,0.0,0.0,0.0,0.0,0.0,0.0,0.0,0.0,0.0,0.0,0.0,0.0,0.0,0.0,0.0,0.0,0.0,0.0,0.0,0.0,0.0,0.0,0.0,0.0,0.0,0.0,0.0,0.0,0.0,0.0,0.0,0.0,0.0,0.0,0.0,0.0,0.0,0.0,0.005747199058532715,0.005743503570556641,0.005944788455963135,0.006286799907684326,0.006036102771759033,0.005857646465301514,0.005656003952026367,0.005996525287628174,0.006125748157501221,0.005909383296966553,0.005763590335845947,0.005792796611785889,0.006280303001403809,0.00644451379776001,0.006438732147216797,0.006597757339477539,0.006950080394744873,0.0077176690101623535,0.00816577672958374,0.008554339408874512,0.008947968482971191,0.009944140911102295,0.01148974895477295,0.012426793575286865,0.013262033462524414,0.014149129390716553,0.015431344509124756,0.017085134983062744,0.018541336059570312,0.019621431827545166,0.02094036340713501,0.02228689193725586,0.02384638786315918,0.025665700435638428,0.027081072330474854,0.02830737829208374,0.029625356197357178,0.031144440174102783,0.03248608112335205,0.03316223621368408,0.033510684967041016,0.03408843278884888,0.03482550382614136,0.03513157367706299,0.034735262393951416,0.034181058406829834,0.03379058837890625,0.03345149755477905,0.03262794017791748,0.031275391578674316,0.029971420764923096,0.02884507179260254,0.027836740016937256,0.02659010887145996,0.02503103017807007,0.02333807945251465,0.0222281813621521,0.02117002010345459,0.019569694995880127,0.01793217658996582,0.01659315824508667,0.015722453594207764,0.014935135841369629,0.013451695442199707,0.012131869792938232,0.011069774627685547,0.01042872667312622,0.00975710153579712,0.008641421794891357,0.007571399211883545,0.006999313831329346,0.0066735148429870605,0.006241023540496826,0.0052831172943115234,0.0044907331466674805,0.0,0.0,0.0,0.0,0.0,0.0,0.0,0.0,0.0,0.0,0.0,0.0,0.0,0.0,0.0,0.0,0.0,0.0,0.0,0.0,0.0,0.0,0.0,0.0,0.0,0.0,0.0,0.0,0.0,0.0,0.0,0.0,0.0,0.0,0.0,0.0,0.0,0.0,0.0,0.0,0.0,0.0,0.0,0.0,0.0,0.0,0.0,0.0,0.0,0.0,0.0,0.0,0.0,0.0,0.0,0.0,0.0,0.0,0.0,0.0,0.0,0.0,0.0,0.0,0.0,0.0,0.0,0.0,0.0,0.0,0.0,0.0,0.0,0.0,0.0
5,0.0008305907249450684,0.0004184246063232422,0.0001221299171447754,-0.00011795759201049805,-0.0005565285682678223,-0.0009763240814208984,-0.001180112361907959,-0.0012465119361877441,-0.00126725435256958,-0.0014268755912780762,-0.0016016364097595215,-0.0016007423400878906,-0.0018572211265563965,-0.0018602609634399414,-0.0021390318870544434,-0.0024257302284240723,-0.0028261542320251465,-0.003029465675354004,-0.0032981038093566895,-0.0038036704063415527,-0.004177987575531006,-0.00447845458984375,-0.004587650299072266,-0.004738450050354004,-0.005102872848510742,-0.005274474620819092,-0.005393266677856445,-0.00527346134185791,-0.005415558815002441,-0.005851864814758301,-0.006121039390563965,-0.006398975849151611,-0.006641387939453125,-0.007078766822814941,-0.007883250713348389,-0.008460760116577148,-0.009128689765930176,-0.00969165563583374,-0.010434985160827637,-0.011375784873962402,-0.01214909553527832,-0.013152003288269043,-0.013911604881286621,-0.014946699142456055,-0.016099631786346436,-0.01729738712310791,-0.018556535243988037,-0.019706308841705322,-0.02098691463470459,-0.022260010242462158,-0.02350330352783203,-0.02450805902481079,-0.025367140769958496,-0.026364266872406006,-0.027213573455810547,-0.02792567014694214,-0.02837228775024414,-0.02848827838897705,-0.028729379177093506,-0.02862948179244995,-0.028395414352416992,-0.027696073055267334,-0.026864588260650635,-0.026118338108062744,-0.02515101432800293,-0.02397751808166504,-0.022562682628631592,-0.0210263729095459,-0.01969015598297119,-0.018301844596862793,-0.016839981079101562,-0.015223205089569092,-0.013814210891723633,-0.012662053108215332,-0.01147449016571045,0.0,0.0,0.0,0.0,0.0,0.0,0.0,0.0,0.0,0.0,0.0,0.0,0.0,0.0,0.0,0.0,0.0,0.0,0.0,0.0,0.0,0.0,0.0,0.0,0.0,0.0,0.0,0.0,0.0,0.0,0.0,0.0,0.0,0.0,0.0,0.0,0.0,0.0,0.0,0.0,0.0,0.0,0.0,0.0,0.0,0.0,0.0,0.0,0.0,0.0,0.0,0.0,0.0,0.0,0.0,0.0,0.0,0.0,0.0,0.0,0.0,0.0,0.0,0.0,0.0,0.0,0.0,0.0,0.0,0.0,0.0,0.0,0.0,0.0,0.0,0.0,0.0,0.0,0.0,0.0,0.0,0.0,0.0,0.0,0.0,0.0,0.0,0.0,0.0,0.0,0.0,0.0,0.0,0.0,0.0,0.0,0.0,0.0,0.0,0.0,0.0,0.0,0.0,0.0,0.0,0.0,0.0,0.0,0.0,0.0,0.0,0.0,0.0,0.0,0.0,0.0,0.0,0.0,0.0,0.0,0.0,0.0,0.0,0.0,0.0,0.0,0.0,0.0,0.0,0.0,0.0,0.0,0.0,0.0,0.0,0.0,0.0,0.0,0.0,0.0,0.0,0.0,0.0,0.0,0.0,0.0,0.0,0.0,0.0,0.0
6,0.004629313945770264,0.006031394004821777,0.007536768913269043,0.009117305278778076,0.01085573434829712,0.012377023696899414,0.0145455002784729,0.01668471097946167,0.018407225608825684,0.01999753713607788,0.02161318063735962,0.023323476314544678,0.024703681468963623,0.026277005672454834,0.027212440967559814,0.02777576446533203,0.028642773628234863,0.029376626014709473,0.029999375343322754,0.02978295087814331,0.029478847980499268,0.029584884643554688,0.029895663261413574,0.0300142765045166,0.02954578399658203,0.02932196855545044,0.029118776321411133,0.028940200805664062,0.028657913208007812,0.02839881181716919,0.028259336948394775,0.028134822845458984,0.027991056442260742,0.027802884578704834,0.027384698390960693,0.027582168579101562,0.027601778507232666,0.027719497680664062,0.02741241455078125,0.026584982872009277,0.026374459266662598,0.026317596435546875,0.026309192180633545,0.0259208083152771,0.02543693780899048,0.024659156799316406,0.0244295597076416,0.02427506446838379,0.024012088775634766,0.023486852645874023,0.02297753095626831,0.022677123546600342,0.022501587867736816,0.022122859954833984,0.021638154983520508,0.021366894245147705,0.020873665809631348,0.020796000957489014,0.020191431045532227,0.019640326499938965,0.01924443244934082,0.01869446039199829,0.018211305141448975,0.01743978261947632,0.016392827033996582,0.015764355659484863,0.014775216579437256,0.014097094535827637,0.012711167335510254,0.011447429656982422,0.01072084903717041,0.010072588920593262,0.009014725685119629,0.007792413234710693,0.0065326690673828125,0.0,0.0,0.0,0.0,0.0,0.0,0.0,0.0,0.0,0.0,0.0,0.0,0.0,0.0,0.0,0.0,0.0,0.0,0.0,0.0,0.0,0.0,0.0,0.0,0.0,0.0,0.0,0.0,0.0,0.0,0.0,0.0,0.0,0.0,0.0,0.0,0.0,0.0,0.0,0.0,0.0,0.0,0.0,0.0,0.0,0.0,0.0,0.0,0.0,0.0,0.0,0.0,0.0,0.0,0.0,0.0,0.0,0.0,0.0,0.0,0.0,0.0,0.0,0.0,0.0,0.0,0.0,0.0,0.0,0.0,0.0,0.0,0.0,0.0,0.0,0.0,0.0,0.0,0.0,0.0,0.0,0.0,0.0,0.0,0.0,0.0,0.0,0.0,0.0,0.0,0.0,0.0,0.0,0.0,0.0,0.0,0.0,0.0,0.0,0.0,0.0,0.0,0.0,0.0,0.0,0.0,0.0,0.0,0.0,0.0,0.0,0.0,0.0,0.0,0.0,0.0,0.0,0.0,0.0,0.0,0.0,0.0,0.0,0.0,0.0,0.0,0.0,0.0,0.0,0.0,0.0,0.0,0.0,0.0,0.0,0.0,0.0,0.0,0.0,0.0,0.0,0.0,0.0,0.0,0.0,0.0,0.0,0.0,0.0,0.0
7,0.0,0.0,0.0,0.0,0.0,0.0,0.0,0.0,0.0,0.0,0.0,0.0,0.0,0.0,0.0,0.0,0.0,0.0,0.0,0.0,0.0,0.0,0.0,0.0,0.0,0.0,0.0,0.0,0.0,0.0,0.0,0.0,0.0,0.0,0.0,0.0,0.0,0.0,0.0,0.0,0.0,0.0,0.0,0.0,0.0,0.0,0.0,0.0,0.0,0.0,0.0,0.0,0.0,0.0,0.0,0.0,0.0,0.0,0.0,0.0,0.0,0.0,0.0,0.0,0.0,0.0,0.0,0.0,0.0,0.0,0.0,0.0,0.0,0.0,0.0,-0.0295448899269104,-0.032475054264068604,-0.03511267900466919,-0.03703337907791138,-0.037930965423583984,-0.03777283430099487,-0.03728985786437988,-0.03611493110656738,-0.03480726480484009,-0.033075928688049316,-0.031079471111297607,-0.02940821647644043,-0.02791154384613037,-0.02643406391143799,-0.02492082118988037,-0.02334284782409668,-0.022154152393341064,-0.021464228630065918,-0.020406723022460938,-0.019444048404693604,-0.01825922727584839,-0.017212092876434326,-0.016223490238189697,-0.015313267707824707,-0.01365286111831665,-0.01184689998626709,-0.010489404201507568,-0.009467780590057373,-0.00824803113937378,-0.006661951541900635,-0.005095303058624268,-0.0039030909538269043,-0.003059566020965576,-0.0018529295921325684,-0.00046515464782714844,0.0008369088172912598,0.002000272274017334,0.003074944019317627,0.0041964054107666016,0.005298614501953125,0.006701648235321045,0.00809258222579956,0.009469270706176758,0.010976016521453857,0.012657523155212402,0.014516711235046387,0.016289353370666504,0.017769455909729004,0.01905721426010132,0.02023446559906006,0.021444082260131836,0.02229940891265869,0.02306586503982544,0.02372986078262329,0.024597465991973877,0.0253637433052063,0.02596890926361084,0.02670079469680786,0.02813822031021118,0.029862701892852783,0.03136003017425537,0.03268951177597046,0.033706605434417725,0.03516656160354614,0.036691129207611084,0.03649783134460449,0.03591805696487427,0.03572362661361694,0.03497594594955444,0.033107638359069824,0.03076183795928955,0.02753281593322754,0.024432718753814697,0.021274209022521973,0.017634570598602295,0.0,0.0,0.0,0.0,0.0,0.0,0.0,0.0,0.0,0.0,0.0,0.0,0.0,0.0,0.0,0.0,0.0,0.0,0.0,0.0,0.0,0.0,0.0,0.0,0.0,0.0,0.0,0.0,0.0,0.0,0.0,0.0,0.0,0.0,0.0,0.0,0.0,0.0,0.0,0.0,0.0,0.0,0.0,0.0,0.0,0.0,0.0,0.0,0.0,0.0,0.0,0.0,0.0,0.0,0.0,0.0,0.0,0.0,0.0,0.0,0.0,0.0,0.0,0.0,0.0,0.0,0.0,0.0,0.0,0.0,0.0,0.0,0.0,0.0,0.0
8,0.0,0.0,0.0,0.0,0.0,0.0,0.0,0.0,0.0,0.0,0.0,0.0,0.0,0.0,0.0,0.0,0.0,0.0,0.0,0.0,0.0,0.0,0.0,0.0,0.0,0.0,0.0,0.0,0.0,0.0,0.0,0.0,0.0,0.0,0.0,0.0,0.0,0.0,0.0,0.0,0.0,0.0,0.0,0.0,0.0,0.0,0.0,0.0,0.0,0.0,0.0,0.0,0.0,0.0,0.0,0.0,0.0,0.0,0.0,0.0,0.0,0.0,0.0,0.0,0.0,0.0,0.0,0.0,0.0,0.0,0.0,0.0,0.0,0.0,0.0,0.0,0.0,0.0,0.0,0.0,0.0,0.0,0.0,0.0,0.0,0.0,0.0,0.0,0.0,0.0,0.0,0.0,0.0,0.0,0.0,0.0,0.0,0.0,0.0,0.0,0.0,0.0,0.0,0.0,0.0,0.0,0.0,0.0,0.0,0.0,0.0,0.0,0.0,0.0,0.0,0.0,0.0,0.0,0.0,0.0,0.0,0.0,0.0,0.0,0.0,0.0,0.0,0.0,0.0,0.0,0.0,0.0,0.0,0.0,0.0,0.0,0.0,0.0,0.0,0.0,0.0,0.0,0.0,0.0,0.0,0.0,0.0,0.0,0.0,0.0,0.000699460506439209,0.0014818310737609863,0.0007995367050170898,-0.0003446340560913086,-0.002441108226776123,-0.006529808044433594,-0.010180115699768066,-0.012280285358428955,-0.014330267906188965,-0.01659536361694336,-0.017316460609436035,-0.016871392726898193,-0.016833126544952393,-0.017175257205963135,-0.018319785594940186,-0.01872807741165161,-0.018009305000305176,-0.016356587409973145,-0.015683233737945557,-0.015175163745880127,-0.012887060642242432,-0.008912622928619385,-0.0051985979080200195,-0.0025415420532226562,-0.002222895622253418,-0.0013781189918518066,0.0006279349327087402,0.0032151341438293457,0.005081117153167725,0.005095362663269043,0.004999816417694092,0.006857335567474365,0.010130107402801514,0.013624370098114014,0.015628457069396973,0.014926791191101074,0.013982594013214111,0.015145659446716309,0.017361700534820557,0.01864933967590332,0.019028544425964355,0.01933765411376953,0.018676817417144775,0.01664489507675171,0.013010859489440918,0.01010209321975708,0.0066010355949401855,0.003773510456085205,0.0016696453094482422,-0.0009095072746276855,-0.004294455051422119,-0.009732425212860107,-0.015237867832183838,-0.018999457359313965,-0.020538687705993652,-0.01877748966217041,-0.01738917827606201,-0.016463398933410645,-0.015217185020446777,-0.014848768711090088,-0.014087557792663574,-0.013643324375152588,-0.013325095176696777,-0.01291567087173462,-0.011555254459381104,-0.00997549295425415,-0.008833587169647217,-0.007438302040100098,-0.006008744239807129,-0.003796219825744629,-0.0010457634925842285,0.00024497509002685547,0.0013069510459899902,0.0022832155227661133,0.005011558532714844
9,0.0,0.0,0.0,0.0,0.0,0.0,0.0,0.0,0.0,0.0,0.0,0.0,0.0,0.0,0.0,0.0,0.0,0.0,0.0,0.0,0.0,0.0,0.0,0.0,0.0,0.0,0.0,0.0,0.0,0.0,0.0,0.0,0.0,0.0,0.0,0.0,0.0,0.0,0.0,0.0,0.0,0.0,0.0,0.0,0.0,0.0,0.0,0.0,0.0,0.0,0.0,0.0,0.0,0.0,0.0,0.0,0.0,0.0,0.0,0.0,0.0,0.0,0.0,0.0,0.0,0.0,0.0,0.0,0.0,0.0,0.0,0.0,0.0,0.0,0.0,-0.06596130132675171,-0.07649397850036621,-0.08632099628448486,-0.09573155641555786,-0.09992903470993042,-0.10126388072967529,-0.1004946231842041,-0.10105633735656738,-0.10040241479873657,-0.09856122732162476,-0.09502702951431274,-0.08885729312896729,-0.08259791135787964,-0.08054012060165405,-0.07984179258346558,-0.0787893533706665,-0.07556724548339844,-0.0718492865562439,-0.06961798667907715,-0.06716865301132202,-0.06277626752853394,-0.05746835470199585,-0.05344885587692261,-0.05175894498825073,-0.048203349113464355,-0.04224890470504761,-0.03620505332946777,-0.03173130750656128,-0.030819952487945557,-0.029027879238128662,-0.02746051549911499,-0.024764299392700195,-0.023132741451263428,-0.022306323051452637,-0.018857836723327637,-0.013135910034179688,-0.006792008876800537,-0.0022431612014770508,0.0013394951820373535,0.005169808864593506,0.00941920280456543,0.01557379961013794,0.018987953662872314,0.02137356996536255,0.023939430713653564,0.029206514358520508,0.03367584943771362,0.036260008811950684,0.038645029067993164,0.043322086334228516,0.04862910509109497,0.054782867431640625,0.058482468128204346,0.0625717043876648,0.06640446186065674,0.07097584009170532,0.07477480173110962,0.0758475661277771,0.07940757274627686,0.08338427543640137,0.08901190757751465,0.09503138065338135,0.09870445728302002,0.10271412134170532,0.10586118698120117,0.10745447874069214,0.10812056064605713,0.10501569509506226,0.10214447975158691,0.09992003440856934,0.09934127330780029,0.09757721424102783,0.09265768527984619,0.0887410044670105,0.08079653978347778,-0.06262367963790894,-0.07532930374145508,-0.08675283193588257,-0.09578901529312134,-0.09849601984024048,-0.09803837537765503,-0.09917569160461426,-0.10176777839660645,-0.10024052858352661,-0.09769904613494873,-0.09217524528503418,-0.08810359239578247,-0.0837593674659729,-0.08150988817214966,-0.07786035537719727,-0.07561254501342773,-0.07539868354797363,-0.0724867582321167,-0.06933915615081787,-0.0643310546875,-0.05917865037918091,-0.05717843770980835,-0.05464780330657959,-0.05234116315841675,-0.04547089338302612,-0.03885376453399658,-0.036538898944854736,-0.03225302696228027,-0.030454933643341064,-0.025802314281463623,-0.024564385414123535,-0.02498728036880493,-0.023938894271850586,-0.021658003330230713,-0.015445828437805176,-0.009939432144165039,-0.006715297698974609,-0.0024230480194091797,0.001370251178741455,0.007688760757446289,0.01229625940322876,0.01602756977081299,0.019596338272094727,0.022498250007629395,0.027647435665130615,0.031805992126464844,0.03292495012283325,0.03647506237030029,0.04115337133407593,0.04797869920730591,0.051447153091430664,0.0542563796043396,0.05916023254394531,0.06498247385025024,0.0704529881477356,0.07296419143676758,0.07488244771957397,0.07739347219467163,0.08135533332824707,0.08766806125640869,0.09109145402908325,0.09484386444091797,0.09924602508544922,0.10467314720153809,0.10945039987564087,0.10861492156982422,0.10797351598739624,0.10605859756469727,0.10481727123260498,0.10457384586334229,0.10107266902923584,0.09792852401733398,0.09425705671310425,0.09211432933807373,0.08458036184310913
10,0.0,0.0,0.0,0.0,0.0,0.0,0.0,0.0,0.0,0.0,0.0,0.0,0.0,0.0,0.0,0.0,0.0,0.0,0.0,0.0,0.0,0.0,0.0,0.0,0.0,0.0,0.0,0.0,0.0,0.0,0.0,0.0,0.0,0.0,0.0,0.0,0.0,0.0,0.0,0.0,0.0,0.0,0.0,0.0,0.0,0.0,0.0,0.0,0.0,0.0,0.0,0.0,0.0,0.0,0.0,0.0,0.0,0.0,0.0,0.0,0.0,0.0,0.0,0.0,0.0,0.0,0.0,0.0,0.0,0.0,0.0,0.0,0.0,0.0,0.0,-0.019863784313201904,-0.023170292377471924,-0.02626359462738037,-0.028461933135986328,-0.029942691326141357,-0.03062272071838379,-0.030530333518981934,-0.030161559581756592,-0.028564870357513428,-0.027235567569732666,-0.026051461696624756,-0.024897396564483643,-0.023455917835235596,-0.02212691307067871,-0.021071314811706543,-0.020453572273254395,-0.019802331924438477,-0.018819451332092285,-0.018065214157104492,-0.017585933208465576,-0.01681053638458252,-0.01612377166748047,-0.015456557273864746,-0.014815807342529297,-0.014285385608673096,-0.013517200946807861,-0.012412726879119873,-0.011245012283325195,-0.010051071643829346,-0.008650422096252441,-0.007031440734863281,-0.0060176849365234375,-0.00516510009765625,-0.003962457180023193,-0.0028606653213500977,-0.001980602741241455,-0.0012741684913635254,-0.00045603513717651367,0.00038170814514160156,0.0012860298156738281,0.0020555853843688965,0.0031588077545166016,0.004416286945343018,0.00533604621887207,0.0064285993576049805,0.007591187953948975,0.008716881275177002,0.009949088096618652,0.011316418647766113,0.012530386447906494,0.013636410236358643,0.014758706092834473,0.015964031219482422,0.01687753200531006,0.017911553382873535,0.019079864025115967,0.02048790454864502,0.021752536296844482,0.02308833599090576,0.024564146995544434,0.025878489017486572,0.0269777774810791,0.027486562728881836,0.027448534965515137,0.02732563018798828,0.026853322982788086,0.026462078094482422,0.026141583919525146,0.02573174238204956,0.024561166763305664,0.023633301258087158,0.02272641658782959,0.021268248558044434,0.019156038761138916,0.016932666301727295,0.010643064975738525,0.012002646923065186,0.013631820678710938,0.015334844589233398,0.017240703105926514,0.01926976442337036,0.02143198251724243,0.023507893085479736,0.02597099542617798,0.027946412563323975,0.029767870903015137,0.031660616397857666,0.033361077308654785,0.03490561246871948,0.03584718704223633,0.03661346435546875,0.037405431270599365,0.037876784801483154,0.03794926404953003,0.03768312931060791,0.03731703758239746,0.036541640758514404,0.03535515069961548,0.03385794162750244,0.032260000705718994,0.030629396438598633,0.028598546981811523,0.026488184928894043,0.02422654628753662,0.021913111209869385,0.01952904462814331,0.01648920774459839,0.013636291027069092,0.010849237442016602,0.007790565490722656,0.004717230796813965,0.0016763806343078613,-0.0013856291770935059,-0.004543960094451904,-0.007629275321960449,-0.010601460933685303,-0.013091862201690674,-0.015792667865753174,-0.018653154373168945,-0.021220386028289795,-0.023581266403198242,-0.02573537826538086,-0.027802646160125732,-0.029520869255065918,-0.031115412712097168,-0.0326007604598999,-0.03389328718185425,-0.034916698932647705,-0.03575676679611206,-0.03644222021102905,-0.036741793155670166,-0.036827921867370605,-0.036634981632232666,-0.035851895809173584,-0.03492802381515503,-0.0336797833442688,-0.0326458215713501,-0.031157970428466797,-0.029532551765441895,-0.02764791250228882,-0.025675177574157715,-0.023654580116271973,-0.021499931812286377,-0.018998920917510986,-0.016517341136932373,-0.014145612716674805,-0.011298656463623047,-0.008823990821838379,-0.0069100260734558105,-0.005060017108917236
11,0.0,0.0,0.0,0.0,0.0,0.0,0.0,0.0,0.0,0.0,0.0,0.0,0.0,0.0,0.0,0.0,0.0,0.0,0.0,0.0,0.0,0.0,0.0,0.0,0.0,0.0,0.0,0.0,0.0,0.0,0.0,0.0,0.0,0.0,0.0,0.0,0.0,0.0,0.0,0.0,0.0,0.0,0.0,0.0,0.0,0.0,0.0,0.0,0.0,0.0,0.0,0.0,0.0,0.0,0.0,0.0,0.0,0.0,0.0,0.0,0.0,0.0,0.0,0.0,0.0,0.0,0.0,0.0,0.0,0.0,0.0,0.0,0.0,0.0,0.0,0.0,0.0,0.0,0.0,0.0,0.0,0.0,0.0,0.0,0.0,0.0,0.0,0.0,0.0,0.0,0.0,0.0,0.0,0.0,0.0,0.0,0.0,0.0,0.0,0.0,0.0,0.0,0.0,0.0,0.0,0.0,0.0,0.0,0.0,0.0,0.0,0.0,0.0,0.0,0.0,0.0,0.0,0.0,0.0,0.0,0.0,0.0,0.0,0.0,0.0,0.0,0.0,0.0,0.0,0.0,0.0,0.0,0.0,0.0,0.0,0.0,0.0,0.0,0.0,0.0,0.0,0.0,0.0,0.0,0.0,0.0,0.0,0.0,0.0,0.0,0.0,0.0,0.0,0.0,0.0,0.0,0.0,0.0,0.0,0.0,0.0,0.0,0.0,0.0,0.0,0.0,0.0,0.0,0.0,0.0,0.0,0.0,0.0,0.0,0.0,0.0,0.0,0.0,0.0,0.0,0.0,0.0,0.0,0.0,0.0,0.0,0.0,0.0,0.0,0.0,0.0,0.0,0.0,0.0,0.0,0.0,0.0,0.0,0.0,0.0,0.0,0.0,0.0,0.0,0.0,0.0,0.0,0.0,0.0,0.0,0.0,0.0,0.0,0.0,0.0,0.0,0.0,0.0,0.0,0.0,0.0,0.0,0.0,0.0,0.0
12,-0.02349156141281128,-0.037736594676971436,-0.05576050281524658,-0.07036244869232178,-0.08365637063980103,-0.08337825536727905,-0.08072000741958618,-0.07659929990768433,-0.07619810104370117,-0.07639658451080322,-0.07790696620941162,-0.0766298770904541,-0.07438701391220093,-0.07267898321151733,-0.07263290882110596,-0.07395422458648682,-0.07525277137756348,-0.07687300443649292,-0.07897835969924927,-0.08095294237136841,-0.07988286018371582,-0.07633954286575317,-0.07194274663925171,-0.07023102045059204,-0.07193410396575928,-0.07617020606994629,-0.07778149843215942,-0.07934141159057617,-0.07917547225952148,-0.07836157083511353,-0.07656621932983398,-0.07464808225631714,-0.07413512468338013,-0.0754852294921875,-0.07493776082992554,-0.07422751188278198,-0.07449710369110107,-0.07467788457870483,-0.07469314336776733,-0.07374292612075806,-0.07112640142440796,-0.06863760948181152,-0.06802791357040405,-0.07008159160614014,-0.07362443208694458,-0.07383590936660767,-0.07122236490249634,-0.06838524341583252,-0.067080557346344,-0.06822264194488525,-0.06966626644134521,-0.07124733924865723,-0.07114183902740479,-0.06998425722122192,-0.06976765394210815,-0.07038521766662598,-0.07139182090759277,-0.07081735134124756,-0.06976133584976196,-0.0689423680305481,-0.06986796855926514,-0.07121503353118896,-0.07055556774139404,-0.07054424285888672,-0.07126480340957642,-0.07217848300933838,-0.07241898775100708,-0.07125848531723022,-0.07145613431930542,-0.07235413789749146,-0.07429349422454834,-0.07524526119232178,-0.07545274496078491,-0.06957286596298218,-0.06180906295776367,-0.027832210063934326,-0.04325282573699951,-0.062327563762664795,-0.0763012170791626,-0.08440238237380981,-0.08221989870071411,-0.0786048173904419,-0.0756378173828125,-0.07799524068832397,-0.07778829336166382,-0.07771039009094238,-0.0757635235786438,-0.07478594779968262,-0.0739438533782959,-0.07284736633300781,-0.0726621150970459,-0.07474833726882935,-0.07770746946334839,-0.08161169290542603,-0.08171385526657104,-0.0792739987373352,-0.07545334100723267,-0.07231676578521729,-0.07178860902786255,-0.07278025150299072,-0.07604128122329712,-0.07823783159255981,-0.08077985048294067,-0.08059680461883545,-0.07858812808990479,-0.0763864517211914,-0.07477420568466187,-0.07496631145477295,-0.07626909017562866,-0.07533144950866699,-0.07473284006118774,-0.07551687955856323,-0.07632875442504883,-0.07562607526779175,-0.07367706298828125,-0.07120263576507568,-0.0694502592086792,-0.0694151520729065,-0.07200801372528076,-0.07453149557113647,-0.0745692253112793,-0.07179433107376099,-0.06950891017913818,-0.06935423612594604,-0.06996303796768188,-0.07113748788833618,-0.07185131311416626,-0.07231676578521729,-0.07161730527877808,-0.07106566429138184,-0.07111716270446777,-0.07203304767608643,-0.07222813367843628,-0.07148247957229614,-0.07070642709732056,-0.07124590873718262,-0.07199633121490479,-0.07229721546173096,-0.07243317365646362,-0.07301318645477295,-0.07380735874176025,-0.0732232928276062,-0.07279682159423828,-0.07306122779846191,-0.07400363683700562,-0.07565802335739136,-0.07686299085617065,-0.07792794704437256,-0.0693175196647644,-0.058537185192108154,-0.031308114528656006,-0.05047410726547241,-0.06737512350082397,-0.07909691333770752,-0.08194923400878906,-0.08088481426239014,-0.07848936319351196,-0.07677590847015381,-0.07688391208648682,-0.07656621932983398,-0.07749438285827637,-0.0767030119895935,-0.07489967346191406,-0.07169955968856812,-0.07071983814239502,-0.07183551788330078,-0.07623070478439331,-0.07913994789123535,-0.08100682497024536,-0.08013606071472168,-0.07870006561279297,-0.07622778415679932,-0.07257074117660522,-0.07027935981750488,-0.0716257095336914,-0.07597130537033081,-0.07959765195846558,-0.08070099353790283,-0.07922673225402832,-0.07730549573898315,-0.07611578702926636,-0.07508528232574463,-0.07435709238052368,-0.07467329502105713,-0.07513916492462158,-0.07528460025787354,-0.07625269889831543,-0.07533478736877441,-0.0743253231048584,-0.07277125120162964,-0.0708932876586914,-0.07012075185775757,-0.06945943832397461,-0.07186269760131836,-0.07393044233322144,-0.07439631223678589,-0.07217776775360107,-0.07015681266784668,-0.06998956203460693,-0.06976360082626343,-0.07121360301971436,-0.07230234146118164,-0.07262331247329712,-0.07169711589813232,-0.070171058177948,-0.070686936378479,-0.0726359486579895,-0.07276052236557007,-0.0717591643333435,-0.07038474082946777,-0.0714336633682251,-0.07316017150878906,-0.07332348823547363,-0.07312643527984619,-0.07308989763259888,-0.07437330484390259,-0.07393097877502441,-0.07322889566421509,-0.07330656051635742,-0.0741618275642395,-0.07625669240951538,-0.07832133769989014,-0.07649630308151245,-0.06733286380767822,-0.053379595279693604
13,0.02840179204940796,0.036543846130371094,0.04502469301223755,0.04906529188156128,0.04820984601974487,0.04487067461013794,0.04393643140792847,0.04298430681228638,0.0394667387008667,0.03419262170791626,0.02904057502746582,0.0282365083694458,0.028417527675628662,0.0263139009475708,0.02227729558944702,0.017647385597229004,0.01625370979309082,0.014534175395965576,0.00951153039932251,0.0026810169219970703,-0.002031385898590088,-0.002183854579925537,-0.0016556978225708008,-0.0019478797912597656,-0.0033017992973327637,-0.0020508170127868652,0.0026973485946655273,0.007158756256103516,0.00768965482711792,0.005934357643127441,0.004093050956726074,0.005180656909942627,0.005467534065246582,0.0038099288940429688,0.0008634328842163086,0.0004189014434814453,0.003012239933013916,0.004888057708740234,0.004204869270324707,0.001986384391784668,0.0028631091117858887,0.006292462348937988,0.007489264011383057,0.005479276180267334,0.0018568634986877441,0.00036329030990600586,0.0012806057929992676,0.0009897947311401367,-0.0009677410125732422,-0.003270387649536133,-0.0012624263763427734,0.002801179885864258,0.0059021711349487305,0.005881130695343018,0.004837989807128906,0.005044341087341309,0.006610989570617676,0.0060996413230896,0.003280341625213623,0.0004904270172119141,0.0018175840377807617,0.004134058952331543,0.004702448844909668,0.0026160478591918945,0.0006337165832519531,0.001995563507080078,0.004008948802947998,0.004059731960296631,0.0015456080436706543,-0.0005407333374023438,0.00034868717193603516,0.00154876708984375,0.0008777379989624023,-0.0017160773277282715,-0.0031673312187194824,0.0014376044273376465,0.004309892654418945,0.004708230495452881,0.0018292069435119629,0.0007159113883972168,0.0018010139465332031,0.0024674534797668457,0.0017091035842895508,0.0005655884742736816,0.001567840576171875,0.00458979606628418,0.005785882472991943,0.0038753747940063477,7.873773574829102e-05,-0.0009003281593322754,6.318092346191406e-05,-0.00016325712203979492,-0.0016159415245056152,-0.004795551300048828,-0.002894878387451172,0.0012335777282714844,0.0053594112396240234,0.008138298988342285,0.01219874620437622,0.021235883235931396,0.032195091247558594,0.0407978892326355,0.04606902599334717,0.04757380485534668,0.05000197887420654,0.05094504356384277,0.048719048500061035,0.04232436418533325,0.03682255744934082,0.034255146980285645,0.03350752592086792,0.03141218423843384,0.027366578578948975,0.023411571979522705,0.022824406623840332,0.022389650344848633,0.01885533332824707,0.012289106845855713,0.006510138511657715,0.004660248756408691,0.0024701952934265137,-0.00037747621536254883,-0.004190921783447266,-0.005108833312988281,-0.0024719834327697754,0.0007113814353942871,0.0022800564765930176,0.002144157886505127,0.002651512622833252,0.005630850791931152,0.006264925003051758,0.004898667335510254,0.0015822649002075195,0.0007047653198242188,0.002570927143096924,0.0035161375999450684,0.0027508139610290527,0.0006444454193115234,0.0004488229751586914,0.0029495954513549805,0.004174530506134033,0.003191828727722168,0.0009215474128723145,0.0007759928703308105,0.0026796460151672363,0.002763509750366211,0.0005682110786437988,-0.0026761293411254883,-0.0024529695510864258,-0.0002484321594238281,0.003759026527404785,0.0028976798057556152,0.002900362014770508,0.0055190324783325195,0.006625533103942871,0.004471242427825928,0.0009865164756774902,-0.00045686960220336914,0.0024518966674804688,0.0037332773208618164,0.002575397491455078,0.00025266408920288086,0.00020265579223632812,0.0038486123085021973,0.0059146881103515625,0.005028367042541504,0.0022960305213928223,0.0015015006065368652,0.002682805061340332,0.002242863178253174,-0.0005509257316589355,-0.004264950752258301,-0.004006326198577881,-0.0002576112747192383,0.0023109912872314453,0.0028156042098999023,0.002634704113006592,0.0050237178802490234,0.008140623569488525,0.00775301456451416,0.004606366157531738,0.0010439157485961914,0.0018950700759887695,0.00511091947555542,0.006738007068634033,0.005368828773498535,0.003268122673034668,0.0038800835609436035,0.004859507083892822,0.00400996208190918,0.0005173087120056152,-0.003240227699279785,-0.0020287632942199707,0.0008785128593444824,0.002229630947113037,0.0008916854858398438,0.002312183380126953,0.009068071842193604,0.017073214054107666,0.024385690689086914,0.029569387435913086,0.035736024379730225,0.04432421922683716,0.050829529762268066,0.05170297622680664,0.048196613788604736,0.044532716274261475,0.04360693693161011,0.04174751043319702,0.03694349527359009,0.03105992078781128,0.027672171592712402,0.02830284833908081,0.027523577213287354,0.023842990398406982,0.017202019691467285,0.012730836868286133,0.011549651622772217,0.009444236755371094,0.005037963390350342,-0.0009328722953796387,-0.003023803234100342,-0.0007147789001464844,0.00026535987854003906,-0.0011977553367614746
14,0.0,0.0,0.0,0.0,0.0,0.0,0.0,0.0,0.0,0.0,0.0,0.0,0.0,0.0,0.0,0.0,0.0,0.0,0.0,0.0,0.0,0.0,0.0,0.0,0.0,0.0,0.0,0.0,0.0,0.0,0.0,0.0,0.0,0.0,0.0,0.0,0.0,0.0,0.0,0.0,0.0,0.0,0.0,0.0,0.0,0.0,0.0,0.0,0.0,0.0,0.0,0.0,0.0,0.0,0.0,0.0,0.0,0.0,0.0,0.0,0.0,0.0,0.0,0.0,0.0,0.0,0.0,0.0,0.0,0.0,0.0,0.0,0.0,0.0,0.0,-0.010677456855773926,-0.01232677698135376,-0.014552533626556396,-0.01550281047821045,-0.01646745204925537,-0.017623543739318848,-0.01919412612915039,-0.020618975162506104,-0.02164280414581299,-0.022362053394317627,-0.022676467895507812,-0.02389371395111084,-0.02511531114578247,-0.0255281925201416,-0.025583207607269287,-0.025740444660186768,-0.02676326036453247,-0.027239203453063965,-0.027484357357025146,-0.02747523784637451,-0.027310848236083984,-0.02781212329864502,-0.02807331085205078,-0.02793574333190918,-0.027465462684631348,-0.027457773685455322,-0.027812957763671875,-0.028099894523620605,-0.027586698532104492,-0.0269315242767334,-0.026705563068389893,-0.027213096618652344,-0.02759397029876709,-0.027010858058929443,-0.026666224002838135,-0.02689540386199951,-0.027261435985565186,-0.027212560176849365,-0.02652961015701294,-0.02577066421508789,-0.025986790657043457,-0.026668071746826172,-0.026613235473632812,-0.026147007942199707,-0.025307059288024902,-0.02535998821258545,-0.025748789310455322,-0.02559947967529297,-0.025527238845825195,-0.024855434894561768,-0.024950265884399414,-0.025442421436309814,-0.02521592378616333,-0.02472996711730957,-0.02406972646713257,-0.02428370714187622,-0.024680376052856445,-0.02450162172317505,-0.024132132530212402,-0.023545026779174805,-0.023514091968536377,-0.023798763751983643,-0.023613929748535156,-0.022900700569152832,-0.022088170051574707,-0.022137820720672607,-0.02222520112991333,-0.02184605598449707,-0.020583808422088623,-0.0197564959526062,-0.019666433334350586,-0.019040465354919434,-0.017878413200378418,-0.016807079315185547,-0.01564347743988037,0.0,0.0,0.0,0.0,0.0,0.0,0.0,0.0,0.0,0.0,0.0,0.0,0.0,0.0,0.0,0.0,0.0,0.0,0.0,0.0,0.0,0.0,0.0,0.0,0.0,0.0,0.0,0.0,0.0,0.0,0.0,0.0,0.0,0.0,0.0,0.0,0.0,0.0,0.0,0.0,0.0,0.0,0.0,0.0,0.0,0.0,0.0,0.0,0.0,0.0,0.0,0.0,0.0,0.0,0.0,0.0,0.0,0.0,0.0,0.0,0.0,0.0,0.0,0.0,0.0,0.0,0.0,0.0,0.0,0.0,0.0,0.0,0.0,0.0,0.0
15,-0.011126935482025146,-0.014736950397491455,-0.016587376594543457,-0.016297459602355957,-0.01607292890548706,-0.016959965229034424,-0.018253803253173828,-0.01898711919784546,-0.019539296627044678,-0.01933497190475464,-0.017970800399780273,-0.01760876178741455,-0.01934528350830078,-0.02107447385787964,-0.020865201950073242,-0.020021796226501465,-0.020320653915405273,-0.020627260208129883,-0.020615994930267334,-0.019336044788360596,-0.017530620098114014,-0.016772031784057617,-0.017136812210083008,-0.018275797367095947,-0.018114149570465088,-0.017344236373901367,-0.017273426055908203,-0.016146302223205566,-0.014897942543029785,-0.01470714807510376,-0.015188872814178467,-0.015991032123565674,-0.015813827514648438,-0.015219330787658691,-0.014248490333557129,-0.012394964694976807,-0.005857110023498535,0.0038737058639526367,0.01228642463684082,0.017350316047668457,0.019576311111450195,0.020157814025878906,0.02025282382965088,0.02013540267944336,0.019911229610443115,0.020896077156066895,0.021065950393676758,0.01980900764465332,0.01844686269760132,0.019144892692565918,0.02041381597518921,0.021114766597747803,0.021194756031036377,0.021545231342315674,0.021377503871917725,0.02135413885116577,0.0206030011177063,0.0192795991897583,0.01868230104446411,0.019866347312927246,0.020917952060699463,0.02039933204650879,0.0197373628616333,0.019627273082733154,0.018801093101501465,0.018668770790100098,0.018531978130340576,0.01875615119934082,0.019453585147857666,0.019743382930755615,0.019222795963287354,0.0181390643119812,0.016626060009002686,0.012326300144195557,0.006342649459838867,0.0,0.0,0.0,0.0,0.0,0.0,0.0,0.0,0.0,0.0,0.0,0.0,0.0,0.0,0.0,0.0,0.0,0.0,0.0,0.0,0.0,0.0,0.0,0.0,0.0,0.0,0.0,0.0,0.0,0.0,0.0,0.0,0.0,0.0,0.0,0.0,0.0,0.0,0.0,0.0,0.0,0.0,0.0,0.0,0.0,0.0,0.0,0.0,0.0,0.0,0.0,0.0,0.0,0.0,0.0,0.0,0.0,0.0,0.0,0.0,0.0,0.0,0.0,0.0,0.0,0.0,0.0,0.0,0.0,0.0,0.0,0.0,0.0,0.0,0.0,0.012793779373168945,0.016738057136535645,0.018714964389801025,0.01811659336090088,0.017510056495666504,0.018553197383880615,0.020274877548217773,0.02114337682723999,0.021051466464996338,0.020346522331237793,0.01937204599380493,0.0194394588470459,0.021381258964538574,0.02256929874420166,0.02179652452468872,0.02128845453262329,0.0219915509223938,0.02240300178527832,0.021814942359924316,0.020131826400756836,0.018515586853027344,0.018054842948913574,0.018609166145324707,0.019259750843048096,0.018824100494384766,0.018204331398010254,0.018391728401184082,0.017240583896636963,0.015549540519714355,0.0151786208152771,0.015862643718719482,0.016892969608306885,0.016641438007354736,0.01543349027633667,0.014375150203704834,0.012944221496582031,0.006753981113433838,-0.0031155943870544434,-0.012045741081237793,-0.017292022705078125,-0.019065022468566895,-0.019324123859405518,-0.0196496844291687,-0.020032644271850586,-0.019883334636688232,-0.02040189504623413,-0.020335257053375244,-0.019273221492767334,-0.018342137336730957,-0.019028544425964355,-0.01997685432434082,-0.020481467247009277,-0.020761311054229736,-0.021372318267822266,-0.021171271800994873,-0.020883619785308838,-0.019826769828796387,-0.018740355968475342,-0.018420398235321045,-0.01947498321533203,-0.02030205726623535,-0.019475460052490234,-0.019035696983337402,-0.019227802753448486,-0.018302857875823975,-0.017831861972808838,-0.017402589321136475,-0.018000781536102295,-0.01902824640274048,-0.019080400466918945,-0.01804351806640625,-0.016760945320129395,-0.015601873397827148,-0.011570155620574951,-0.005273938179016113
16,0.0,0.0,0.0,0.0,0.0,0.0,0.0,0.0,0.0,0.0,0.0,0.0,0.0,0.0,0.0,0.0,0.0,0.0,0.0,0.0,0.0,0.0,0.0,0.0,0.0,0.0,0.0,0.0,0.0,0.0,0.0,0.0,0.0,0.0,0.0,0.0,0.0,0.0,0.0,0.0,0.0,0.0,0.0,0.0,0.0,0.0,0.0,0.0,0.0,0.0,0.0,0.0,0.0,0.0,0.0,0.0,0.0,0.0,0.0,0.0,0.0,0.0,0.0,0.0,0.0,0.0,0.0,0.0,0.0,0.0,0.0,0.0,0.0,0.0,0.0,0.009843051433563232,0.01035916805267334,0.011657416820526123,0.012427330017089844,0.01363074779510498,0.014865517616271973,0.015701115131378174,0.017084479331970215,0.017998993396759033,0.01937127113342285,0.020491361618041992,0.021321892738342285,0.023047983646392822,0.024072349071502686,0.025674641132354736,0.02676081657409668,0.027852773666381836,0.029357433319091797,0.030365347862243652,0.031948626041412354,0.03282076120376587,0.033903419971466064,0.0350419282913208,0.035935282707214355,0.03719830513000488,0.037896692752838135,0.03869432210922241,0.03965103626251221,0.040361642837524414,0.04140746593475342,0.0416337251663208,0.04198426008224487,0.04242509603500366,0.04281604290008545,0.0432206392288208,0.04314088821411133,0.04321378469467163,0.043159306049346924,0.04313534498214722,0.04308962821960449,0.04228705167770386,0.041979312896728516,0.04128289222717285,0.04068487882614136,0.04014307260513306,0.03914022445678711,0.0384974479675293,0.03735613822937012,0.03661632537841797,0.03585714101791382,0.034238576889038086,0.033269405364990234,0.031874656677246094,0.030940234661102295,0.02992004156112671,0.028262853622436523,0.02724909782409668,0.02573174238204956,0.024857640266418457,0.023763060569763184,0.022105813026428223,0.02100515365600586,0.01957845687866211,0.018903255462646484,0.017763197422027588,0.016169607639312744,0.015092909336090088,0.0137099027633667,0.013234913349151611,0.012203037738800049,0.010883033275604248,0.010143399238586426,0.009068787097930908,0.008657872676849365,0.007778048515319824,0.0,0.0,0.0,0.0,0.0,0.0,0.0,0.0,0.0,0.0,0.0,0.0,0.0,0.0,0.0,0.0,0.0,0.0,0.0,0.0,0.0,0.0,0.0,0.0,0.0,0.0,0.0,0.0,0.0,0.0,0.0,0.0,0.0,0.0,0.0,0.0,0.0,0.0,0.0,0.0,0.0,0.0,0.0,0.0,0.0,0.0,0.0,0.0,0.0,0.0,0.0,0.0,0.0,0.0,0.0,0.0,0.0,0.0,0.0,0.0,0.0,0.0,0.0,0.0,0.0,0.0,0.0,0.0,0.0,0.0,0.0,0.0,0.0,0.0,0.0
17,0.01028585433959961,0.021094441413879395,0.02920776605606079,0.03040337562561035,0.02834010124206543,0.02492910623550415,0.023184597492218018,0.02324730157852173,0.022748708724975586,0.024899184703826904,0.02261430025100708,0.021809637546539307,0.023054897785186768,0.024454176425933838,0.023296117782592773,0.022668421268463135,0.023751914501190186,0.023420274257659912,0.02349191904067993,0.022832274436950684,0.022349536418914795,0.02369999885559082,0.02140861749649048,0.022441625595092773,0.022280871868133545,0.02455615997314453,0.026265263557434082,0.023736953735351562,0.023685336112976074,0.01790398359298706,0.018958628177642822,0.021219849586486816,0.020427346229553223,0.018959879875183105,0.018354952335357666,0.02091526985168457,0.020063817501068115,0.0035073161125183105,-0.018687784671783447,-0.03532522916793823,-0.034655869007110596,-0.03172701597213745,-0.025554895401000977,-0.022675514221191406,-0.022103190422058105,-0.023153185844421387,-0.025446176528930664,-0.0218961238861084,-0.020969688892364502,-0.02396327257156372,-0.024936914443969727,-0.022467970848083496,-0.022156476974487305,-0.023444175720214844,-0.022394180297851562,-0.02188485860824585,-0.021277666091918945,-0.020294904708862305,-0.021553397178649902,-0.019787728786468506,-0.020356476306915283,-0.021135389804840088,-0.023332953453063965,-0.024399757385253906,-0.022783994674682617,-0.022289574146270752,-0.019340217113494873,-0.018970608711242676,-0.0201646089553833,-0.02109527587890625,-0.01987367868423462,-0.02137291431427002,-0.02191317081451416,-0.02028900384902954,-0.014055788516998291,0.005180239677429199,0.012525081634521484,0.01882779598236084,0.0167083740234375,0.014632940292358398,0.012239933013916016,0.01165318489074707,0.012244224548339844,0.012530863285064697,0.012948751449584961,0.01086050271987915,0.01056438684463501,0.011459946632385254,0.012059271335601807,0.011146903038024902,0.010709762573242188,0.011637389659881592,0.011870026588439941,0.011873900890350342,0.011473000049591064,0.01126021146774292,0.011607944965362549,0.010123074054718018,0.011684179306030273,0.012382149696350098,0.01439577341079712,0.01405245065689087,0.011618554592132568,0.010374367237091064,0.007638752460479736,0.009298205375671387,0.011085867881774902,0.011689186096191406,0.010228574275970459,0.011486411094665527,0.015267550945281982,0.012084245681762695,0.0009549856185913086,-0.015453875064849854,-0.02407550811767578,-0.02178037166595459,-0.017974019050598145,-0.012587189674377441,-0.012581884860992432,-0.01322174072265625,-0.014948368072509766,-0.014893114566802979,-0.012140989303588867,-0.011978089809417725,-0.01290827989578247,-0.012586832046508789,-0.011462688446044922,-0.011564373970031738,-0.012509167194366455,-0.01181948184967041,-0.011292338371276855,-0.011032402515411377,-0.010795056819915771,-0.01108640432357788,-0.010358750820159912,-0.011086046695709229,-0.012253522872924805,-0.014263927936553955,-0.01392972469329834,-0.01215660572052002,-0.010577261447906494,-0.009224891662597656,-0.009373009204864502,-0.011244595050811768,-0.011644721031188965,-0.010322868824005127,-0.01164776086807251,-0.012601494789123535,-0.010927557945251465,-0.006321966648101807,0.016466856002807617,0.033647000789642334,0.04146796464920044,0.0409621000289917,0.04030114412307739,0.036096394062042236,0.03510689735412598,0.035172224044799805,0.033818960189819336,0.03443765640258789,0.03222566843032837,0.033104538917541504,0.03494805097579956,0.0367160439491272,0.034568071365356445,0.034202396869659424,0.036515116691589355,0.03549748659133911,0.035008788108825684,0.033926188945770264,0.033367276191711426,0.03476715087890625,0.03272038698196411,0.03436088562011719,0.03356355428695679,0.03632420301437378,0.035942912101745605,0.03351682424545288,0.03427267074584961,0.029831349849700928,0.030535876750946045,0.03243821859359741,0.03009164333343506,0.026968955993652344,0.029619038105010986,0.031269729137420654,0.02211010456085205,-0.0009455084800720215,-0.03162074089050293,-0.04307061433792114,-0.04367774724960327,-0.04104036092758179,-0.03593301773071289,-0.03409653902053833,-0.03371959924697876,-0.033852577209472656,-0.03393667936325073,-0.030301392078399658,-0.030174672603607178,-0.0338970422744751,-0.03566551208496094,-0.03380322456359863,-0.0331273078918457,-0.035164594650268555,-0.03286200761795044,-0.032120347023010254,-0.03209775686264038,-0.030189812183380127,-0.031957149505615234,-0.030561208724975586,-0.03076303005218506,-0.031755805015563965,-0.03323805332183838,-0.03429621458053589,-0.031121671199798584,-0.03149712085723877,-0.03002983331680298,-0.02972012758255005,-0.03134423494338989,-0.029421627521514893,-0.02816563844680786,-0.0324285626411438,-0.03196674585342407,-0.028944969177246094,-0.017939090728759766
18,-0.009292066097259521,-0.010629475116729736,-0.012249529361724854,-0.014138996601104736,-0.016227364540100098,-0.018516957759857178,-0.020148396492004395,-0.021744847297668457,-0.023731529712677002,-0.025765955448150635,-0.027971386909484863,-0.029145658016204834,-0.03041982650756836,-0.0317230224609375,-0.03326600790023804,-0.03431898355484009,-0.034723103046417236,-0.03514111042022705,-0.03544563055038452,-0.03570055961608887,-0.03569704294204712,-0.03497278690338135,-0.03420072793960571,-0.03329312801361084,-0.03237348794937134,-0.030870437622070312,-0.028728902339935303,-0.026568710803985596,-0.024470806121826172,-0.022473394870758057,-0.01972055435180664,-0.016449153423309326,-0.01335221529006958,-0.010528147220611572,-0.007769525051116943,-0.004354000091552734,-0.0005764365196228027,0.0029862523078918457,0.006064295768737793,0.00893700122833252,0.012388348579406738,0.015918314456939697,0.018947601318359375,0.02164173126220703,0.02389514446258545,0.026602983474731445,0.029209136962890625,0.03129822015762329,0.03279280662536621,0.03394502401351929,0.03544628620147705,0.03671520948410034,0.03748023509979248,0.03768432140350342,0.037583351135253906,0.03766000270843506,0.037402331829071045,0.03700166940689087,0.03573572635650635,0.034417569637298584,0.033311545848846436,0.03207474946975708,0.030292809009552002,0.02815943956375122,0.026176750659942627,0.02456742525100708,0.022581636905670166,0.02043849229812622,0.01807081699371338,0.015816807746887207,0.014172613620758057,0.012259483337402344,0.010357141494750977,0.008388638496398926,0.006688892841339111,0.0,0.0,0.0,0.0,0.0,0.0,0.0,0.0,0.0,0.0,0.0,0.0,0.0,0.0,0.0,0.0,0.0,0.0,0.0,0.0,0.0,0.0,0.0,0.0,0.0,0.0,0.0,0.0,0.0,0.0,0.0,0.0,0.0,0.0,0.0,0.0,0.0,0.0,0.0,0.0,0.0,0.0,0.0,0.0,0.0,0.0,0.0,0.0,0.0,0.0,0.0,0.0,0.0,0.0,0.0,0.0,0.0,0.0,0.0,0.0,0.0,0.0,0.0,0.0,0.0,0.0,0.0,0.0,0.0,0.0,0.0,0.0,0.0,0.0,0.0,0.0,0.0,0.0,0.0,0.0,0.0,0.0,0.0,0.0,0.0,0.0,0.0,0.0,0.0,0.0,0.0,0.0,0.0,0.0,0.0,0.0,0.0,0.0,0.0,0.0,0.0,0.0,0.0,0.0,0.0,0.0,0.0,0.0,0.0,0.0,0.0,0.0,0.0,0.0,0.0,0.0,0.0,0.0,0.0,0.0,0.0,0.0,0.0,0.0,0.0,0.0,0.0,0.0,0.0,0.0,0.0,0.0,0.0,0.0,0.0,0.0,0.0,0.0,0.0,0.0,0.0,0.0,0.0,0.0,0.0,0.0,0.0,0.0,0.0,0.0
19,0.0,0.0,0.0,0.0,0.0,0.0,0.0,0.0,0.0,0.0,0.0,0.0,0.0,0.0,0.0,0.0,0.0,0.0,0.0,0.0,0.0,0.0,0.0,0.0,0.0,0.0,0.0,0.0,0.0,0.0,0.0,0.0,0.0,0.0,0.0,0.0,0.0,0.0,0.0,0.0,0.0,0.0,0.0,0.0,0.0,0.0,0.0,0.0,0.0,0.0,0.0,0.0,0.0,0.0,0.0,0.0,0.0,0.0,0.0,0.0,0.0,0.0,0.0,0.0,0.0,0.0,0.0,0.0,0.0,0.0,0.0,0.0,0.0,0.0,0.0,0.0,0.0,0.0,0.0,0.0,0.0,0.0,0.0,0.0,0.0,0.0,0.0,0.0,0.0,0.0,0.0,0.0,0.0,0.0,0.0,0.0,0.0,0.0,0.0,0.0,0.0,0.0,0.0,0.0,0.0,0.0,0.0,0.0,0.0,0.0,0.0,0.0,0.0,0.0,0.0,0.0,0.0,0.0,0.0,0.0,0.0,0.0,0.0,0.0,0.0,0.0,0.0,0.0,0.0,0.0,0.0,0.0,0.0,0.0,0.0,0.0,0.0,0.0,0.0,0.0,0.0,0.0,0.0,0.0,0.0,0.0,0.0,0.0,0.0,0.0,0.0,0.0,0.0,0.0,0.0,0.0,0.0,0.0,0.0,0.0,0.0,0.0,0.0,0.0,0.0,0.0,0.0,0.0,0.0,0.0,0.0,0.0,0.0,0.0,0.0,0.0,0.0,0.0,0.0,0.0,0.0,0.0,0.0,0.0,0.0,0.0,0.0,0.0,0.0,0.0,0.0,0.0,0.0,0.0,0.0,0.0,0.0,0.0,0.0,0.0,0.0,0.0,0.0,0.0,0.0,0.0,0.0,0.0,0.0,0.0,0.0,0.0,0.0,0.0,0.0,0.0,0.0,0.0,0.0,0.0,0.0,0.0,0.0,0.0,0.0
20,0.006424903869628906,0.008763134479522705,0.009971857070922852,0.00933229923248291,0.006798207759857178,0.003042161464691162,-0.0012353062629699707,-0.0054343342781066895,-0.009214937686920166,-0.012018859386444092,-0.01248997449874878,-0.010501503944396973,-0.006372630596160889,-0.0010415315628051758,0.00458371639251709,0.010157883167266846,0.014471292495727539,0.016626298427581787,0.01579838991165161,0.01194155216217041,0.006076335906982422,-0.0007290244102478027,-0.007356822490692139,-0.013219892978668213,-0.01708674430847168,-0.017566442489624023,-0.014627337455749512,-0.00894087553024292,-0.0017424821853637695,0.0058959126472473145,0.012951910495758057,0.018061578273773193,0.020110130310058594,0.018237590789794922,0.013122797012329102,0.00610661506652832,-0.0017627477645874023,-0.00927811861038208,-0.01539301872253418,-0.018675506114959717,-0.018097281455993652,-0.013986527919769287,-0.007262468338012695,0.0002878904342651367,0.007869899272918701,0.014202415943145752,0.01817309856414795,0.018817126750946045,0.015716493129730225,0.010022103786468506,0.0030147433280944824,-0.004102945327758789,-0.010290920734405518,-0.014635145664215088,-0.016069889068603516,-0.014292001724243164,-0.009765326976776123,-0.003795623779296875,0.002202749252319336,0.007717609405517578,0.011989414691925049,0.014118850231170654,0.013455092906951904,0.010179400444030762,0.005570054054260254,0.0006349682807922363,-0.003970623016357422,-0.007638156414031982,-0.00994783639907837,-0.01004701852798462,-0.008179068565368652,-0.004989981651306152,-0.0015019774436950684,0.0016875863075256348,0.004485428333282471,0.0,0.0,0.0,0.0,0.0,0.0,0.0,0.0,0.0,0.0,0.0,0.0,0.0,0.0,0.0,0.0,0.0,0.0,0.0,0.0,0.0,0.0,0.0,0.0,0.0,0.0,0.0,0.0,0.0,0.0,0.0,0.0,0.0,0.0,0.0,0.0,0.0,0.0,0.0,0.0,0.0,0.0,0.0,0.0,0.0,0.0,0.0,0.0,0.0,0.0,0.0,0.0,0.0,0.0,0.0,0.0,0.0,0.0,0.0,0.0,0.0,0.0,0.0,0.0,0.0,0.0,0.0,0.0,0.0,0.0,0.0,0.0,0.0,0.0,0.0,0.0,0.0,0.0,0.0,0.0,0.0,0.0,0.0,0.0,0.0,0.0,0.0,0.0,0.0,0.0,0.0,0.0,0.0,0.0,0.0,0.0,0.0,0.0,0.0,0.0,0.0,0.0,0.0,0.0,0.0,0.0,0.0,0.0,0.0,0.0,0.0,0.0,0.0,0.0,0.0,0.0,0.0,0.0,0.0,0.0,0.0,0.0,0.0,0.0,0.0,0.0,0.0,0.0,0.0,0.0,0.0,0.0,0.0,0.0,0.0,0.0,0.0,0.0,0.0,0.0,0.0,0.0,0.0,0.0,0.0,0.0,0.0,0.0,0.0,0.0
21,0.0,0.0,0.0,0.0,0.0,0.0,0.0,0.0,0.0,0.0,0.0,0.0,0.0,0.0,0.0,0.0,0.0,0.0,0.0,0.0,0.0,0.0,0.0,0.0,0.0,0.0,0.0,0.0,0.0,0.0,0.0,0.0,0.0,0.0,0.0,0.0,0.0,0.0,0.0,0.0,0.0,0.0,0.0,0.0,0.0,0.0,0.0,0.0,0.0,0.0,0.0,0.0,0.0,0.0,0.0,0.0,0.0,0.0,0.0,0.0,0.0,0.0,0.0,0.0,0.0,0.0,0.0,0.0,0.0,0.0,0.0,0.0,0.0,0.0,0.0,-0.01032567024230957,-0.013186275959014893,-0.016079843044281006,-0.019456863403320312,-0.021833717823028564,-0.023668348789215088,-0.024913012981414795,-0.02570784091949463,-0.025642216205596924,-0.024779081344604492,-0.023116588592529297,-0.022689342498779297,-0.022596657276153564,-0.02220141887664795,-0.020849227905273438,-0.019307434558868408,-0.0185202956199646,-0.018156230449676514,-0.016584813594818115,-0.014072597026824951,-0.011706531047821045,-0.01087808609008789,-0.01063382625579834,-0.01102226972579956,-0.012040019035339355,-0.014719367027282715,-0.018896281719207764,-0.023544907569885254,-0.026877999305725098,-0.029056787490844727,-0.029949188232421875,-0.029740631580352783,-0.028279244899749756,-0.025972723960876465,-0.023794889450073242,-0.022742152214050293,-0.023363471031188965,-0.025037288665771484,-0.027207374572753906,-0.029050052165985107,-0.030187129974365234,-0.03076481819152832,-0.030080974102020264,-0.027075588703155518,-0.022271811962127686,-0.017731547355651855,-0.014352142810821533,-0.012250900268554688,-0.011527657508850098,-0.012460052967071533,-0.015460610389709473,-0.020039498805999756,-0.025028467178344727,-0.02881699800491333,-0.030922412872314453,-0.03250014781951904,-0.032279253005981445,-0.0306510329246521,-0.02845776081085205,-0.025834381580352783,-0.02444326877593994,-0.02421802282333374,-0.024481594562530518,-0.02454066276550293,-0.024222493171691895,-0.023875772953033447,-0.023355960845947266,-0.02181142568588257,-0.01764523983001709,-0.012665867805480957,-0.00863635540008545,-0.0061190128326416016,-0.004358053207397461,-0.0023336410522460938,-0.0016175508499145508,0.0,0.0,0.0,0.0,0.0,0.0,0.0,0.0,0.0,0.0,0.0,0.0,0.0,0.0,0.0,0.0,0.0,0.0,0.0,0.0,0.0,0.0,0.0,0.0,0.0,0.0,0.0,0.0,0.0,0.0,0.0,0.0,0.0,0.0,0.0,0.0,0.0,0.0,0.0,0.0,0.0,0.0,0.0,0.0,0.0,0.0,0.0,0.0,0.0,0.0,0.0,0.0,0.0,0.0,0.0,0.0,0.0,0.0,0.0,0.0,0.0,0.0,0.0,0.0,0.0,0.0,0.0,0.0,0.0,0.0,0.0,0.0,0.0,0.0,0.0
22,0.0,0.0,0.0,0.0,0.0,0.0,0.0,0.0,0.0,0.0,0.0,0.0,0.0,0.0,0.0,0.0,0.0,0.0,0.0,0.0,0.0,0.0,0.0,0.0,0.0,0.0,0.0,0.0,0.0,0.0,0.0,0.0,0.0,0.0,0.0,0.0,0.0,0.0,0.0,0.0,0.0,0.0,0.0,0.0,0.0,0.0,0.0,0.0,0.0,0.0,0.0,0.0,0.0,0.0,0.0,0.0,0.0,0.0,0.0,0.0,0.0,0.0,0.0,0.0,0.0,0.0,0.0,0.0,0.0,0.0,0.0,0.0,0.0,0.0,0.0,0.0,0.0,0.0,0.0,0.0,0.0,0.0,0.0,0.0,0.0,0.0,0.0,0.0,0.0,0.0,0.0,0.0,0.0,0.0,0.0,0.0,0.0,0.0,0.0,0.0,0.0,0.0,0.0,0.0,0.0,0.0,0.0,0.0,0.0,0.0,0.0,0.0,0.0,0.0,0.0,0.0,0.0,0.0,0.0,0.0,0.0,0.0,0.0,0.0,0.0,0.0,0.0,0.0,0.0,0.0,0.0,0.0,0.0,0.0,0.0,0.0,0.0,0.0,0.0,0.0,0.0,0.0,0.0,0.0,0.0,0.0,0.0,0.0,0.0,0.0,0.010185480117797852,0.010880470275878906,0.01160275936126709,0.012433409690856934,0.013177037239074707,0.013713240623474121,0.014650464057922363,0.015397608280181885,0.01589667797088623,0.016094624996185303,0.016320228576660156,0.01645064353942871,0.016756653785705566,0.017476677894592285,0.018193364143371582,0.019055843353271484,0.019390463829040527,0.019415676593780518,0.01971566677093506,0.02034616470336914,0.0211637020111084,0.021598339080810547,0.022275686264038086,0.023081719875335693,0.023543059825897217,0.023882389068603516,0.023858845233917236,0.023997366428375244,0.02453368902206421,0.024840474128723145,0.025081634521484375,0.025767862796783447,0.02719271183013916,0.02881598472595215,0.030420899391174316,0.031921982765197754,0.03274941444396973,0.03248441219329834,0.0323215126991272,0.03210347890853882,0.0314105749130249,0.030225515365600586,0.02943664789199829,0.029415130615234375,0.029604792594909668,0.029885411262512207,0.029250502586364746,0.028124451637268066,0.028292477130889893,0.028622686862945557,0.029309749603271484,0.0292932391166687,0.02961665391921997,0.029928267002105713,0.03067082166671753,0.03114563226699829,0.031008124351501465,0.031029045581817627,0.03082484006881714,0.03046482801437378,0.029895663261413574,0.02928870916366577,0.02905118465423584,0.02938830852508545,0.029795706272125244,0.029880762100219727,0.028863489627838135,0.027924299240112305,0.02648448944091797,0.023854732513427734,0.020386338233947754,0.014881253242492676,0.009893655776977539,0.006524920463562012,0.0038892030715942383
23,0.0,0.0,0.0,0.0,0.0,0.0,0.0,0.0,0.0,0.0,0.0,0.0,0.0,0.0,0.0,0.0,0.0,0.0,0.0,0.0,0.0,0.0,0.0,0.0,0.0,0.0,0.0,0.0,0.0,0.0,0.0,0.0,0.0,0.0,0.0,0.0,0.0,0.0,0.0,0.0,0.0,0.0,0.0,0.0,0.0,0.0,0.0,0.0,0.0,0.0,0.0,0.0,0.0,0.0,0.0,0.0,0.0,0.0,0.0,0.0,0.0,0.0,0.0,0.0,0.0,0.0,0.0,0.0,0.0,0.0,0.0,0.0,0.0,0.0,0.0,0.0,0.0,0.0,0.0,0.0,0.0,0.0,0.0,0.0,0.0,0.0,0.0,0.0,0.0,0.0,0.0,0.0,0.0,0.0,0.0,0.0,0.0,0.0,0.0,0.0,0.0,0.0,0.0,0.0,0.0,0.0,0.0,0.0,0.0,0.0,0.0,0.0,0.0,0.0,0.0,0.0,0.0,0.0,0.0,0.0,0.0,0.0,0.0,0.0,0.0,0.0,0.0,0.0,0.0,0.0,0.0,0.0,0.0,0.0,0.0,0.0,0.0,0.0,0.0,0.0,0.0,0.0,0.0,0.0,0.0,0.0,0.0,0.0,0.0,0.0,-0.02166008949279785,-0.025646507740020752,-0.029293417930603027,-0.03173506259918213,-0.03424668312072754,-0.0361594557762146,-0.03714340925216675,-0.03774338960647583,-0.037798166275024414,-0.03751713037490845,-0.03675830364227295,-0.036294519901275635,-0.03619277477264404,-0.035761117935180664,-0.03557044267654419,-0.03530007600784302,-0.03505098819732666,-0.035118818283081055,-0.03470999002456665,-0.03436434268951416,-0.03354567289352417,-0.03293508291244507,-0.03219050168991089,-0.031068921089172363,-0.03002941608428955,-0.0284806489944458,-0.027182698249816895,-0.025843381881713867,-0.024169981479644775,-0.022222697734832764,-0.019521892070770264,-0.01726013422012329,-0.014481425285339355,-0.011662900447845459,-0.008450031280517578,-0.004868745803833008,-0.0016768574714660645,0.0017780065536499023,0.005057990550994873,0.008406996726989746,0.011902451515197754,0.015363752841949463,0.01858365535736084,0.0214574933052063,0.0243951678276062,0.027427732944488525,0.02999013662338257,0.032556116580963135,0.03413182497024536,0.0355449914932251,0.03672546148300171,0.037243664264678955,0.03773540258407593,0.037553489208221436,0.03752338886260986,0.037665724754333496,0.03724485635757446,0.0368996262550354,0.03632950782775879,0.03630936145782471,0.03682088851928711,0.03681457042694092,0.03756511211395264,0.037990689277648926,0.03904849290847778,0.039455533027648926,0.03908812999725342,0.038759469985961914,0.03736674785614014,0.03650319576263428,0.034790754318237305,0.031695783138275146,0.028097808361053467,0.024130523204803467,0.020441532135009766
24,0.0,0.0,0.0,0.0,0.0,0.0,0.0,0.0,0.0,0.0,0.0,0.0,0.0,0.0,0.0,0.0,0.0,0.0,0.0,0.0,0.0,0.0,0.0,0.0,0.0,0.0,0.0,0.0,0.0,0.0,0.0,0.0,0.0,0.0,0.0,0.0,0.0,0.0,0.0,0.0,0.0,0.0,0.0,0.0,0.0,0.0,0.0,0.0,0.0,0.0,0.0,0.0,0.0,0.0,0.0,0.0,0.0,0.0,0.0,0.0,0.0,0.0,0.0,0.0,0.0,0.0,0.0,0.0,0.0,0.0,0.0,0.0,0.0,0.0,0.0,-0.01941394805908203,-0.017155051231384277,-0.013565003871917725,-0.010669469833374023,-0.008465468883514404,-0.00525134801864624,-0.0010503530502319336,0.003909051418304443,0.0075421929359436035,0.009942054748535156,0.013017058372497559,0.017072856426239014,0.020918190479278564,0.023092031478881836,0.0241127610206604,0.025300145149230957,0.026632189750671387,0.02828747034072876,0.027391135692596436,0.02555990219116211,0.023566722869873047,0.021601974964141846,0.01927858591079712,0.015278518199920654,0.010452568531036377,0.005843102931976318,0.0019066929817199707,-0.0022380948066711426,-0.007308244705200195,-0.012290120124816895,-0.016974925994873047,-0.019963443279266357,-0.022440731525421143,-0.025939583778381348,-0.028740882873535156,-0.030564188957214355,-0.03029841184616089,-0.029593288898468018,-0.029832184314727783,-0.02905714511871338,-0.027246952056884766,-0.023307204246520996,-0.018746614456176758,-0.01598191261291504,-0.012195944786071777,-0.007545650005340576,-0.001800537109375,0.0038330554962158203,0.007293760776519775,0.010899126529693604,0.014963150024414062,0.019630730152130127,0.023228764533996582,0.02468496561050415,0.0259971022605896,0.02715963125228882,0.028969109058380127,0.028948664665222168,0.0273897647857666,0.0260159969329834,0.024768710136413574,0.02393394708633423,0.021822035312652588,0.01913750171661377,0.01623690128326416,0.013948023319244385,0.012666702270507812,0.01031869649887085,0.007327735424041748,0.004837453365325928,0.0029811859130859375,0.0018633604049682617,-0.00032073259353637695,-0.0032979249954223633,-0.005240142345428467,0.0,0.0,0.0,0.0,0.0,0.0,0.0,0.0,0.0,0.0,0.0,0.0,0.0,0.0,0.0,0.0,0.0,0.0,0.0,0.0,0.0,0.0,0.0,0.0,0.0,0.0,0.0,0.0,0.0,0.0,0.0,0.0,0.0,0.0,0.0,0.0,0.0,0.0,0.0,0.0,0.0,0.0,0.0,0.0,0.0,0.0,0.0,0.0,0.0,0.0,0.0,0.0,0.0,0.0,0.0,0.0,0.0,0.0,0.0,0.0,0.0,0.0,0.0,0.0,0.0,0.0,0.0,0.0,0.0,0.0,0.0,0.0,0.0,0.0,0.0
25,0.00796806812286377,0.015603065490722656,0.021917998790740967,0.02640777826309204,0.02794826030731201,0.02878481149673462,0.0311281681060791,0.030750930309295654,0.026950180530548096,0.018475115299224854,0.00998753309249878,0.0031032562255859375,-0.0055471062660217285,-0.01606649160385132,-0.028031527996063232,-0.03698831796646118,-0.040863215923309326,-0.043744802474975586,-0.04499882459640503,-0.04555928707122803,-0.03947854042053223,-0.028063297271728516,-0.016085922718048096,-0.004243731498718262,0.007353484630584717,0.021665334701538086,0.03694784641265869,0.048251211643218994,0.05532258749008179,0.057684242725372314,0.05874323844909668,0.0575370192527771,0.05154973268508911,0.03993642330169678,0.024640142917633057,0.010654568672180176,-0.0024832487106323242,-0.017071425914764404,-0.032248497009277344,-0.046219825744628906,-0.05220907926559448,-0.0544852614402771,-0.05464375019073486,-0.0523720383644104,-0.046719253063201904,-0.035211384296417236,-0.020901978015899658,-0.006780803203582764,0.005668282508850098,0.016998112201690674,0.029560387134552002,0.040144503116607666,0.046425580978393555,0.04700326919555664,0.04460722208023071,0.042517006397247314,0.03761500120162964,0.029151082038879395,0.016963422298431396,0.004527390003204346,-0.0038254261016845703,-0.011460423469543457,-0.01955568790435791,-0.027678489685058594,-0.03167825937271118,-0.030367136001586914,-0.027625977993011475,-0.024953067302703857,-0.022153019905090332,-0.016700446605682373,-0.007549941539764404,0.00019562244415283203,0.005626380443572998,0.008416295051574707,0.012407422065734863,0.0,0.0,0.0,0.0,0.0,0.0,0.0,0.0,0.0,0.0,0.0,0.0,0.0,0.0,0.0,0.0,0.0,0.0,0.0,0.0,0.0,0.0,0.0,0.0,0.0,0.0,0.0,0.0,0.0,0.0,0.0,0.0,0.0,0.0,0.0,0.0,0.0,0.0,0.0,0.0,0.0,0.0,0.0,0.0,0.0,0.0,0.0,0.0,0.0,0.0,0.0,0.0,0.0,0.0,0.0,0.0,0.0,0.0,0.0,0.0,0.0,0.0,0.0,0.0,0.0,0.0,0.0,0.0,0.0,0.0,0.0,0.0,0.0,0.0,0.0,0.0,0.0,0.0,0.0,0.0,0.0,0.0,0.0,0.0,0.0,0.0,0.0,0.0,0.0,0.0,0.0,0.0,0.0,0.0,0.0,0.0,0.0,0.0,0.0,0.0,0.0,0.0,0.0,0.0,0.0,0.0,0.0,0.0,0.0,0.0,0.0,0.0,0.0,0.0,0.0,0.0,0.0,0.0,0.0,0.0,0.0,0.0,0.0,0.0,0.0,0.0,0.0,0.0,0.0,0.0,0.0,0.0,0.0,0.0,0.0,0.0,0.0,0.0,0.0,0.0,0.0,0.0,0.0,0.0,0.0,0.0,0.0,0.0,0.0,0.0
26,0.0,0.0,0.0,0.0,0.0,0.0,0.0,0.0,0.0,0.0,0.0,0.0,0.0,0.0,0.0,0.0,0.0,0.0,0.0,0.0,0.0,0.0,0.0,0.0,0.0,0.0,0.0,0.0,0.0,0.0,0.0,0.0,0.0,0.0,0.0,0.0,0.0,0.0,0.0,0.0,0.0,0.0,0.0,0.0,0.0,0.0,0.0,0.0,0.0,0.0,0.0,0.0,0.0,0.0,0.0,0.0,0.0,0.0,0.0,0.0,0.0,0.0,0.0,0.0,0.0,0.0,0.0,0.0,0.0,0.0,0.0,0.0,0.0,0.0,0.0,0.0009044408798217773,0.0024933218955993652,0.004030406475067139,0.005574226379394531,0.007201075553894043,0.008796989917755127,0.009461045265197754,0.00930863618850708,0.008518218994140625,0.007374584674835205,0.005819737911224365,0.003184497356414795,8.785724639892578e-05,-0.00318300724029541,-0.005953609943389893,-0.008285045623779297,-0.01070481538772583,-0.012423098087310791,-0.013221025466918945,-0.012513935565948486,-0.010880529880523682,-0.008850693702697754,-0.006109356880187988,-0.002796173095703125,0.0013800859451293945,0.00550532341003418,0.008845686912536621,0.011594414710998535,0.013670861721038818,0.015279233455657959,0.01578730344772339,0.014622032642364502,0.012529253959655762,0.009878337383270264,0.006934702396392822,0.0034148097038269043,-0.000578761100769043,-0.0043798089027404785,-0.007507681846618652,-0.009491264820098877,-0.011030912399291992,-0.01202535629272461,-0.012042462825775146,-0.01098698377609253,-0.008855998516082764,-0.006386458873748779,-0.004063248634338379,-0.0014840364456176758,0.0011776089668273926,0.004015147686004639,0.005773782730102539,0.006856799125671387,0.0074806809425354,0.007635235786437988,0.0076184868812561035,0.006552398204803467,0.004913806915283203,0.0031853318214416504,0.0015844106674194336,0.00033527612686157227,-0.0012913942337036133,-0.0027161240577697754,-0.003879725933074951,-0.0041922926902771,-0.003937125205993652,-0.003865361213684082,-0.0036526918411254883,-0.0031718015670776367,-0.002171158790588379,-0.001040339469909668,-0.0005277395248413086,-0.00012242794036865234,0.0002066493034362793,0.0008102655410766602,0.0012874007225036621,0.00012385845184326172,-0.0017724037170410156,-0.0034564733505249023,-0.004650235176086426,-0.006104469299316406,-0.007596254348754883,-0.008454620838165283,-0.008448302745819092,-0.0072609782218933105,-0.006032884120941162,-0.0044023990631103516,-0.002141714096069336,0.0009795427322387695,0.004575610160827637,0.007412552833557129,0.009817779064178467,0.01187509298324585,0.013514995574951172,0.014643609523773193,0.014090955257415771,0.012396454811096191,0.009934604167938232,0.007174313068389893,0.004103183746337891,8.016824722290039e-05,-0.0040076375007629395,-0.007859408855438232,-0.01054227352142334,-0.012369155883789062,-0.013924658298492432,-0.014381647109985352,-0.013788163661956787,-0.011643707752227783,-0.008698582649230957,-0.005714118480682373,-0.002312898635864258,0.0011380910873413086,0.005059182643890381,0.008427023887634277,0.010505914688110352,0.011865735054016113,0.01234138011932373,0.012539684772491455,0.011648118495941162,0.009502232074737549,0.006904125213623047,0.0040961503982543945,0.0017652511596679688,-0.0007181167602539062,-0.0034583210945129395,-0.005737483501434326,-0.007193565368652344,-0.00740426778793335,-0.007432878017425537,-0.00737607479095459,-0.006712138652801514,-0.0054318904876708984,-0.0033183693885803223,-0.0016928315162658691,-0.0003814697265625,0.0008228421211242676,0.002041637897491455,0.0034061074256896973,0.0038952231407165527,0.0036635398864746094,0.0031638145446777344,0.00286179780960083,0.0026621222496032715,0.0017413496971130371,0.0006039738655090332,-0.00028020143508911133,-0.0006961226463317871,-0.0008189082145690918,-0.0012734532356262207,-0.001671910285949707
27,-0.0038745999336242676,0.004472315311431885,0.012600243091583252,0.01918315887451172,0.022099077701568604,0.023357748985290527,0.025936007499694824,0.0259782075881958,0.022084534168243408,0.014372825622558594,0.00560373067855835,-0.0005557537078857422,-0.007511734962463379,-0.016085803508758545,-0.025613784790039062,-0.03163552284240723,-0.03208738565444946,-0.030207037925720215,-0.027686238288879395,-0.024310767650604248,-0.015281915664672852,-0.0024303793907165527,0.010024845600128174,0.021136164665222168,0.029674291610717773,0.03827708959579468,0.0463792085647583,0.049175262451171875,0.0465235710144043,0.03864026069641113,0.02964717149734497,0.019630372524261475,0.006360650062561035,-0.009604990482330322,-0.026730060577392578,-0.03861808776855469,-0.04652810096740723,-0.05289566516876221,-0.05637592077255249,-0.05599433183670044,-0.04862868785858154,-0.03582102060317993,-0.02085012197494507,-0.005782365798950195,0.009869217872619629,0.028253912925720215,0.045577287673950195,0.05813473463058472,0.06476199626922607,0.0661553144454956,0.06594961881637573,0.06115686893463135,0.05048936605453491,0.033535003662109375,0.01409912109375,-0.0016794800758361816,-0.01726442575454712,-0.03296375274658203,-0.04779946804046631,-0.05887734889984131,-0.061577439308166504,-0.06008678674697876,-0.05571854114532471,-0.04911869764328003,-0.038346052169799805,-0.022011399269104004,-0.005246102809906006,0.009803593158721924,0.021562397480010986,0.03272587060928345,0.043053269386291504,0.04903656244277954,0.05008280277252197,0.04530400037765503,0.03894078731536865,0.0,0.0,0.0,0.0,0.0,0.0,0.0,0.0,0.0,0.0,0.0,0.0,0.0,0.0,0.0,0.0,0.0,0.0,0.0,0.0,0.0,0.0,0.0,0.0,0.0,0.0,0.0,0.0,0.0,0.0,0.0,0.0,0.0,0.0,0.0,0.0,0.0,0.0,0.0,0.0,0.0,0.0,0.0,0.0,0.0,0.0,0.0,0.0,0.0,0.0,0.0,0.0,0.0,0.0,0.0,0.0,0.0,0.0,0.0,0.0,0.0,0.0,0.0,0.0,0.0,0.0,0.0,0.0,0.0,0.0,0.0,0.0,0.0,0.0,0.0,0.0,0.0,0.0,0.0,0.0,0.0,0.0,0.0,0.0,0.0,0.0,0.0,0.0,0.0,0.0,0.0,0.0,0.0,0.0,0.0,0.0,0.0,0.0,0.0,0.0,0.0,0.0,0.0,0.0,0.0,0.0,0.0,0.0,0.0,0.0,0.0,0.0,0.0,0.0,0.0,0.0,0.0,0.0,0.0,0.0,0.0,0.0,0.0,0.0,0.0,0.0,0.0,0.0,0.0,0.0,0.0,0.0,0.0,0.0,0.0,0.0,0.0,0.0,0.0,0.0,0.0,0.0,0.0,0.0,0.0,0.0,0.0,0.0,0.0,0.0
28,-0.029838085174560547,-0.0418049693107605,-0.039408326148986816,-0.036029934883117676,-0.028063297271728516,-0.027109861373901367,-0.02811872959136963,-0.022532641887664795,-0.0164831280708313,-0.012593090534210205,-0.01010364294052124,-0.0071266889572143555,-0.001093447208404541,0.005160093307495117,0.00826793909072876,0.010526835918426514,0.015141010284423828,0.019960105419158936,0.023679673671722412,0.026789426803588867,0.028023600578308105,0.03012603521347046,0.03408610820770264,0.038538336753845215,0.026208996772766113,-0.015394747257232666,-0.037053704261779785,-0.041979074478149414,-0.03914153575897217,-0.03160214424133301,-0.032026052474975586,-0.031944990158081055,-0.027015089988708496,-0.020922183990478516,-0.016697466373443604,-0.01325136423110962,-0.010419309139251709,-0.005630195140838623,0.0002516508102416992,0.00461423397064209,0.008405148983001709,0.013061106204986572,0.01886618137359619,0.02344334125518799,0.027129292488098145,0.028663337230682373,0.031395554542541504,0.036723315715789795,0.04140830039978027,0.028839468955993652,-0.008202731609344482,-0.02887362241744995,-0.036260366439819336,-0.032092154026031494,-0.027186691761016846,-0.028302133083343506,-0.027547061443328857,-0.0236666202545166,-0.01887965202331543,-0.014941155910491943,-0.011133730411529541,-0.008224070072174072,-0.003977000713348389,0.0012967586517333984,0.005527496337890625,0.009777724742889404,0.01341480016708374,0.019099175930023193,0.022969305515289307,0.026354730129241943,0.028528034687042236,0.031081020832061768,0.03594076633453369,0.03978145122528076,0.033836960792541504,0.0,0.0,0.0,0.0,0.0,0.0,0.0,0.0,0.0,0.0,0.0,0.0,0.0,0.0,0.0,0.0,0.0,0.0,0.0,0.0,0.0,0.0,0.0,0.0,0.0,0.0,0.0,0.0,0.0,0.0,0.0,0.0,0.0,0.0,0.0,0.0,0.0,0.0,0.0,0.0,0.0,0.0,0.0,0.0,0.0,0.0,0.0,0.0,0.0,0.0,0.0,0.0,0.0,0.0,0.0,0.0,0.0,0.0,0.0,0.0,0.0,0.0,0.0,0.0,0.0,0.0,0.0,0.0,0.0,0.0,0.0,0.0,0.0,0.0,0.0,0.0,0.0,0.0,0.0,0.0,0.0,0.0,0.0,0.0,0.0,0.0,0.0,0.0,0.0,0.0,0.0,0.0,0.0,0.0,0.0,0.0,0.0,0.0,0.0,0.0,0.0,0.0,0.0,0.0,0.0,0.0,0.0,0.0,0.0,0.0,0.0,0.0,0.0,0.0,0.0,0.0,0.0,0.0,0.0,0.0,0.0,0.0,0.0,0.0,0.0,0.0,0.0,0.0,0.0,0.0,0.0,0.0,0.0,0.0,0.0,0.0,0.0,0.0,0.0,0.0,0.0,0.0,0.0,0.0,0.0,0.0,0.0,0.0,0.0,0.0
29,0.0,0.0,0.0,0.0,0.0,0.0,0.0,0.0,0.0,0.0,0.0,0.0,0.0,0.0,0.0,0.0,0.0,0.0,0.0,0.0,0.0,0.0,0.0,0.0,0.0,0.0,0.0,0.0,0.0,0.0,0.0,0.0,0.0,0.0,0.0,0.0,0.0,0.0,0.0,0.0,0.0,0.0,0.0,0.0,0.0,0.0,0.0,0.0,0.0,0.0,0.0,0.0,0.0,0.0,0.0,0.0,0.0,0.0,0.0,0.0,0.0,0.0,0.0,0.0,0.0,0.0,0.0,0.0,0.0,0.0,0.0,0.0,0.0,0.0,0.0,-4.881620407104492e-05,-0.00025093555450439453,-0.0002446174621582031,-9.238719940185547e-06,5.501508712768555e-05,4.00543212890625e-05,-0.00017327070236206055,0.00018721818923950195,0.0004858970642089844,0.0003279447555541992,0.00024777650833129883,0.0002447962760925293,0.0005873441696166992,0.0007646083831787109,0.0006340742111206055,0.0008381009101867676,0.0009980201721191406,0.0012451410293579102,0.0014507174491882324,0.0015689730644226074,0.0018514394760131836,0.0021619796752929688,0.0026097893714904785,0.0030753612518310547,0.0037152767181396484,0.004292964935302734,0.0048961639404296875,0.005991101264953613,0.007174074649810791,0.008240938186645508,0.009235560894012451,0.010442554950714111,0.01219409704208374,0.01377856731414795,0.015086650848388672,0.016448557376861572,0.018103957176208496,0.02003413438796997,0.02157413959503174,0.022709012031555176,0.023789584636688232,0.025047719478607178,0.026497244834899902,0.027527809143066406,0.02843952178955078,0.02937626838684082,0.030331015586853027,0.031196773052215576,0.031507134437561035,0.03163629770278931,0.031630635261535645,0.03168594837188721,0.0321277379989624,0.032335877418518066,0.032369136810302734,0.0321270227432251,0.03213202953338623,0.03225952386856079,0.032289862632751465,0.03258824348449707,0.0332028865814209,0.03389561176300049,0.03400641679763794,0.033412814140319824,0.03236478567123413,0.03202939033508301,0.03185933828353882,0.030905187129974365,0.028131484985351562,0.024533390998840332,0.02194279432296753,0.019855856895446777,0.018890023231506348,0.01819777488708496,0.015483319759368896,5.4717063903808594e-05,0.0003559589385986328,0.00047528743743896484,0.00046122074127197266,0.0002359151840209961,0.00018602609634399414,0.0006688833236694336,0.0005878806114196777,0.0002924799919128418,0.0001882314682006836,0.00048476457595825195,0.0008173584938049316,0.000563204288482666,0.00036412477493286133,0.0003287196159362793,0.00047701597213745117,0.0004550814628601074,0.0001175999641418457,-1.7464160919189453e-05,-0.00021827220916748047,-0.00042706727981567383,-0.0007990002632141113,-0.0011218786239624023,-0.001474142074584961,-0.0022082924842834473,-0.0027577877044677734,-0.0033199191093444824,-0.0040503740310668945,-0.005147874355316162,-0.006667673587799072,-0.007578134536743164,-0.008599936962127686,-0.010253846645355225,-0.012008905410766602,-0.01372617483139038,-0.014862298965454102,-0.016179978847503662,-0.018104612827301025,-0.0198705792427063,-0.02123969793319702,-0.022095561027526855,-0.023325622081756592,-0.024811089038848877,-0.026146411895751953,-0.02717423439025879,-0.02797520160675049,-0.02906215190887451,-0.02992379665374756,-0.030321359634399414,-0.030598938465118408,-0.030546903610229492,-0.030730843544006348,-0.031051218509674072,-0.03153723478317261,-0.0318567156791687,-0.03153353929519653,-0.03156113624572754,-0.03164541721343994,-0.03193122148513794,-0.03231322765350342,-0.032881200313568115,-0.033540189266204834,-0.03369712829589844,-0.033525049686431885,-0.03255695104598999,-0.03213900327682495,-0.03193265199661255,-0.031068265438079834,-0.028489649295806885,-0.024841904640197754,-0.02232760190963745,-0.02032017707824707,-0.019291818141937256,-0.018862783908843994,-0.016202330589294434
30,-0.0068070292472839355,-0.007568180561065674,-0.008504509925842285,-0.009730517864227295,-0.011107206344604492,-0.012340724468231201,-0.013481080532073975,-0.014939486980438232,-0.016318678855895996,-0.017412841320037842,-0.018128693103790283,-0.018182218074798584,-0.017601191997528076,-0.01712435483932495,-0.017176568508148193,-0.017333626747131348,-0.017803490161895752,-0.018816471099853516,-0.020225167274475098,-0.022015035152435303,-0.02361428737640381,-0.02498626708984375,-0.02603858709335327,-0.027131199836730957,-0.02864307165145874,-0.029884278774261475,-0.030031144618988037,-0.029744744300842285,-0.029563307762145996,-0.029567718505859375,-0.03058868646621704,-0.0321120023727417,-0.033776938915252686,-0.03524082899093628,-0.03592550754547119,-0.03579282760620117,-0.03528130054473877,-0.03498673439025879,-0.034084439277648926,-0.032414019107818604,-0.030167698860168457,-0.02864515781402588,-0.027032077312469482,-0.02572154998779297,-0.02479088306427002,-0.02373868227005005,-0.022712647914886475,-0.021770834922790527,-0.021117806434631348,-0.02017444372177124,-0.019338250160217285,-0.019069015979766846,-0.01943027973175049,-0.019646883010864258,-0.019895732402801514,-0.020020246505737305,-0.01993924379348755,-0.020065605640411377,-0.0204315185546875,-0.0208703875541687,-0.02159106731414795,-0.02199918031692505,-0.02213364839553833,-0.02160501480102539,-0.020313143730163574,-0.018014490604400635,-0.015652179718017578,-0.013174057006835938,-0.010243356227874756,-0.006973683834075928,-0.003872513771057129,-0.001471400260925293,0.00028765201568603516,0.0016235709190368652,0.0028536319732666016,0.0,0.0,0.0,0.0,0.0,0.0,0.0,0.0,0.0,0.0,0.0,0.0,0.0,0.0,0.0,0.0,0.0,0.0,0.0,0.0,0.0,0.0,0.0,0.0,0.0,0.0,0.0,0.0,0.0,0.0,0.0,0.0,0.0,0.0,0.0,0.0,0.0,0.0,0.0,0.0,0.0,0.0,0.0,0.0,0.0,0.0,0.0,0.0,0.0,0.0,0.0,0.0,0.0,0.0,0.0,0.0,0.0,0.0,0.0,0.0,0.0,0.0,0.0,0.0,0.0,0.0,0.0,0.0,0.0,0.0,0.0,0.0,0.0,0.0,0.0,0.0,0.0,0.0,0.0,0.0,0.0,0.0,0.0,0.0,0.0,0.0,0.0,0.0,0.0,0.0,0.0,0.0,0.0,0.0,0.0,0.0,0.0,0.0,0.0,0.0,0.0,0.0,0.0,0.0,0.0,0.0,0.0,0.0,0.0,0.0,0.0,0.0,0.0,0.0,0.0,0.0,0.0,0.0,0.0,0.0,0.0,0.0,0.0,0.0,0.0,0.0,0.0,0.0,0.0,0.0,0.0,0.0,0.0,0.0,0.0,0.0,0.0,0.0,0.0,0.0,0.0,0.0,0.0,0.0,0.0,0.0,0.0,0.0,0.0,0.0
31,0.0,0.0,0.0,0.0,0.0,0.0,0.0,0.0,0.0,0.0,0.0,0.0,0.0,0.0,0.0,0.0,0.0,0.0,0.0,0.0,0.0,0.0,0.0,0.0,0.0,0.0,0.0,0.0,0.0,0.0,0.0,0.0,0.0,0.0,0.0,0.0,0.0,0.0,0.0,0.0,0.0,0.0,0.0,0.0,0.0,0.0,0.0,0.0,0.0,0.0,0.0,0.0,0.0,0.0,0.0,0.0,0.0,0.0,0.0,0.0,0.0,0.0,0.0,0.0,0.0,0.0,0.0,0.0,0.0,0.0,0.0,0.0,0.0,0.0,0.0,0.0,0.0,0.0,0.0,0.0,0.0,0.0,0.0,0.0,0.0,0.0,0.0,0.0,0.0,0.0,0.0,0.0,0.0,0.0,0.0,0.0,0.0,0.0,0.0,0.0,0.0,0.0,0.0,0.0,0.0,0.0,0.0,0.0,0.0,0.0,0.0,0.0,0.0,0.0,0.0,0.0,0.0,0.0,0.0,0.0,0.0,0.0,0.0,0.0,0.0,0.0,0.0,0.0,0.0,0.0,0.0,0.0,0.0,0.0,0.0,0.0,0.0,0.0,0.0,0.0,0.0,0.0,0.0,0.0,0.0,0.0,0.0,0.0,0.0,0.0,0.0,0.0,0.0,0.0,0.0,0.0,0.0,0.0,0.0,0.0,0.0,0.0,0.0,0.0,0.0,0.0,0.0,0.0,0.0,0.0,0.0,0.0,0.0,0.0,0.0,0.0,0.0,0.0,0.0,0.0,0.0,0.0,0.0,0.0,0.0,0.0,0.0,0.0,0.0,0.0,0.0,0.0,0.0,0.0,0.0,0.0,0.0,0.0,0.0,0.0,0.0,0.0,0.0,0.0,0.0,0.0,0.0,0.0,0.0,0.0,0.0,0.0,0.0,0.0,0.0,0.0,0.0,0.0,0.0,0.0,0.0,0.0,0.0,0.0,0.0
32,0.0,0.0,0.0,0.0,0.0,0.0,0.0,0.0,0.0,0.0,0.0,0.0,0.0,0.0,0.0,0.0,0.0,0.0,0.0,0.0,0.0,0.0,0.0,0.0,0.0,0.0,0.0,0.0,0.0,0.0,0.0,0.0,0.0,0.0,0.0,0.0,0.0,0.0,0.0,0.0,0.0,0.0,0.0,0.0,0.0,0.0,0.0,0.0,0.0,0.0,0.0,0.0,0.0,0.0,0.0,0.0,0.0,0.0,0.0,0.0,0.0,0.0,0.0,0.0,0.0,0.0,0.0,0.0,0.0,0.0,0.0,0.0,0.0,0.0,0.0,0.016090869903564453,0.022930920124053955,0.02653062343597412,0.027644753456115723,0.026414930820465088,0.025722026824951172,0.026336669921875,0.02799588441848755,0.029661178588867188,0.029972076416015625,0.02930527925491333,0.028359293937683105,0.028606832027435303,0.028775811195373535,0.028266727924346924,0.028083622455596924,0.028165876865386963,0.027691304683685303,0.026921510696411133,0.026243865489959717,0.02646052837371826,0.0266992449760437,0.028368830680847168,0.029597043991088867,0.03079378604888916,0.031420886516571045,0.03130054473876953,0.030774295330047607,0.030221402645111084,0.030480384826660156,0.03151226043701172,0.03149580955505371,0.03179699182510376,0.030641376972198486,0.02871406078338623,0.024783194065093994,0.011377096176147461,-0.007039666175842285,-0.017614424228668213,-0.02381742000579834,-0.025775611400604248,-0.025244474411010742,-0.025792837142944336,-0.02582913637161255,-0.027252554893493652,-0.029424846172332764,-0.02974402904510498,-0.028730809688568115,-0.02808701992034912,-0.027746200561523438,-0.02746373414993286,-0.027212858200073242,-0.027107715606689453,-0.026841163635253906,-0.026466667652130127,-0.025720298290252686,-0.025180816650390625,-0.026123046875,-0.02703183889389038,-0.027810752391815186,-0.027719557285308838,-0.027265846729278564,-0.026732265949249268,-0.026781439781188965,-0.027331829071044922,-0.027906060218811035,-0.028604507446289062,-0.029008328914642334,-0.028322219848632812,-0.0281679630279541,-0.027403712272644043,-0.027926206588745117,-0.027298927307128906,-0.01885432004928589,-0.009901940822601318,-0.015493214130401611,-0.02097010612487793,-0.02462470531463623,-0.025512278079986572,-0.02525562047958374,-0.02553921937942505,-0.025809109210968018,-0.026878833770751953,-0.028207004070281982,-0.02895832061767578,-0.028783857822418213,-0.027784883975982666,-0.027353405952453613,-0.027094721794128418,-0.026797056198120117,-0.02620941400527954,-0.026520729064941406,-0.02683049440383911,-0.026369810104370117,-0.02576911449432373,-0.0251275897026062,-0.024598360061645508,-0.024225473403930664,-0.02391737699508667,-0.02331453561782837,-0.022831201553344727,-0.022124528884887695,-0.02163386344909668,-0.02083820104598999,-0.01937466859817505,-0.016996145248413086,-0.01592230796813965,-0.014870226383209229,-0.013683497905731201,-0.011142551898956299,-0.007372677326202393,-0.007360517978668213,-0.00405353307723999,0.0033719539642333984,0.008615434169769287,0.01194620132446289,0.012538790702819824,0.013238608837127686,0.014977097511291504,0.017007291316986084,0.019109606742858887,0.021138906478881836,0.02252018451690674,0.023295581340789795,0.02396947145462036,0.02514660358428955,0.02526336908340454,0.02521568536758423,0.025714397430419922,0.02630031108856201,0.02660238742828369,0.026106297969818115,0.025896191596984863,0.025827348232269287,0.026070117950439453,0.02681046724319458,0.027608394622802734,0.028152287006378174,0.02847069501876831,0.02870410680770874,0.02842533588409424,0.027708113193511963,0.02748340368270874,0.027951717376708984,0.02838379144668579,0.02900594472885132,0.026099205017089844,0.024044811725616455,0.023267686367034912,0.017722904682159424
33,-0.0236167311668396,-0.03486663103103638,-0.04165726900100708,-0.04410958290100098,-0.04309380054473877,-0.041947782039642334,-0.04081326723098755,-0.03939521312713623,-0.03782486915588379,-0.03660428524017334,-0.03520798683166504,-0.03328657150268555,-0.03223544359207153,-0.031327903270721436,-0.030386149883270264,-0.028920292854309082,-0.02730351686477661,-0.026142597198486328,-0.02549797296524048,-0.024956941604614258,-0.023508846759796143,-0.021659910678863525,-0.020456016063690186,-0.019536375999450684,-0.01877838373184204,-0.01738184690475464,-0.01533198356628418,-0.013561844825744629,-0.012164294719696045,-0.011254310607910156,-0.010181307792663574,-0.008845388889312744,-0.008103370666503906,-0.00637894868850708,-0.0041425228118896484,-0.00017982721328735352,0.001859426498413086,-0.0007348060607910156,0.0003501772880554199,0.0020537376403808594,0.004708647727966309,0.00575411319732666,0.0071433186531066895,0.008962094783782959,0.010485649108886719,0.011867284774780273,0.01258021593093872,0.013280749320983887,0.014643549919128418,0.016659855842590332,0.01855677366256714,0.019783377647399902,0.020642459392547607,0.021531403064727783,0.022238433361053467,0.02376347780227661,0.025097429752349854,0.026247382164001465,0.02737569808959961,0.028941571712493896,0.03022325038909912,0.031321704387664795,0.031488239765167236,0.0325358510017395,0.033956050872802734,0.036412060260772705,0.038191020488739014,0.03951138257980347,0.040269672870635986,0.0405268669128418,0.04255932569503784,0.042535364627838135,0.04237473011016846,0.0424230694770813,0.03894209861755371,0.024127542972564697,0.03443145751953125,0.04372590780258179,0.04797160625457764,0.048436760902404785,0.0483207106590271,0.04863768815994263,0.04842698574066162,0.047460198402404785,0.04632699489593506,0.04557925462722778,0.045938849449157715,0.047069668769836426,0.047187089920043945,0.04705095291137695,0.0462682843208313,0.045298635959625244,0.0458562970161438,0.04682439565658569,0.04734867811203003,0.04767143726348877,0.047923505306243896,0.04752779006958008,0.04662621021270752,0.04561740159988403,0.04674047231674194,0.047431886196136475,0.048153579235076904,0.04779350757598877,0.04759395122528076,0.047435641288757324,0.046056509017944336,0.046334922313690186,0.04580777883529663,0.044283151626586914,0.04013633728027344,0.02186185121536255,-0.002985358238220215,-0.02707427740097046,-0.04523599147796631,-0.05095118284225464,-0.048831045627593994,-0.04625988006591797,-0.04794532060623169,-0.048938870429992676,-0.04822337627410889,-0.04694998264312744,-0.04662519693374634,-0.04664802551269531,-0.04754137992858887,-0.04750877618789673,-0.047221362590789795,-0.04649066925048828,-0.04598832130432129,-0.04646021127700806,-0.04719984531402588,-0.04713404178619385,-0.0469890832901001,-0.04719895124435425,-0.046565473079681396,-0.04607796669006348,-0.045708417892456055,-0.04634833335876465,-0.046002328395843506,-0.04569840431213379,-0.04557681083679199,-0.045972466468811035,-0.04634428024291992,-0.046102046966552734,-0.046519696712493896,-0.045422255992889404,-0.044238507747650146,-0.04097187519073486,-0.02983945608139038,-0.01911085844039917,-0.02615535259246826,-0.036407649517059326,-0.04411691427230835,-0.047215819358825684,-0.04752868413925171,-0.04759770631790161,-0.04838210344314575,-0.04799860715866089,-0.04764664173126221,-0.04755091667175293,-0.04728645086288452,-0.046632349491119385,-0.046552181243896484,-0.04681819677352905,-0.04670625925064087,-0.046402692794799805,-0.04601287841796875,-0.045580506324768066,-0.04578012228012085,-0.045729100704193115,-0.04506164789199829,-0.04468393325805664,-0.04369854927062988,-0.0430031418800354,-0.04186534881591797,-0.04061061143875122,-0.039466679096221924,-0.03694719076156616,-0.034899234771728516,-0.03305339813232422,-0.03084927797317505,-0.028734982013702393,-0.02483987808227539,-0.0198860764503479,-0.014069616794586182,-0.007479608058929443,-0.007326722145080566,-0.0054495930671691895,-8.362531661987305e-05,0.0072152018547058105,0.012883424758911133,0.01698368787765503,0.02074563503265381,0.02412945032119751,0.028560519218444824,0.03156918287277222,0.03347843885421753,0.03565114736557007,0.0383685827255249,0.04124867916107178,0.04326695203781128,0.04371875524520874,0.044751524925231934,0.04546421766281128,0.046345412731170654,0.046794354915618896,0.04726439714431763,0.047906339168548584,0.0484846830368042,0.04886007308959961,0.04860484600067139,0.048641860485076904,0.048541367053985596,0.04860854148864746,0.04875296354293823,0.04947090148925781,0.05021125078201294,0.05051451921463013,0.04976177215576172,0.048747122287750244,0.04871731996536255,0.04792380332946777,0.04797494411468506,0.0480271577835083,0.037829458713531494
34,0.0107421875,0.012135088443756104,0.01457887887954712,0.016055762767791748,0.017933309078216553,0.018919169902801514,0.01966094970703125,0.02037978172302246,0.020779073238372803,0.020857691764831543,0.021121501922607422,0.021918535232543945,0.02306520938873291,0.023681342601776123,0.024550199508666992,0.025090575218200684,0.025164127349853516,0.0248568058013916,0.02421194314956665,0.02362060546875,0.022870898246765137,0.02279895544052124,0.022372066974639893,0.022228121757507324,0.02261483669281006,0.02317941188812256,0.0239180326461792,0.02443927526473999,0.02476257085800171,0.024925291538238525,0.02492731809616089,0.025469481945037842,0.025301218032836914,0.025601208209991455,0.025347590446472168,0.024822890758514404,0.024726033210754395,0.02495741844177246,0.024752259254455566,0.024658203125,0.02440619468688965,0.02446192502975464,0.02441537380218506,0.02419990301132202,0.02413111925125122,0.024472534656524658,0.025051653385162354,0.024966895580291748,0.02489525079727173,0.024491727352142334,0.02424091100692749,0.02422541379928589,0.024791955947875977,0.025338292121887207,0.025784075260162354,0.026073157787322998,0.027058899402618408,0.02732330560684204,0.027748465538024902,0.027155697345733643,0.02670598030090332,0.026473701000213623,0.02597886323928833,0.02578037977218628,0.02445530891418457,0.02362358570098877,0.022891104221343994,0.02195185422897339,0.021579384803771973,0.020343124866485596,0.020654797554016113,0.02054893970489502,0.019311845302581787,0.017646074295043945,0.015223503112792969,0.0,0.0,0.0,0.0,0.0,0.0,0.0,0.0,0.0,0.0,0.0,0.0,0.0,0.0,0.0,0.0,0.0,0.0,0.0,0.0,0.0,0.0,0.0,0.0,0.0,0.0,0.0,0.0,0.0,0.0,0.0,0.0,0.0,0.0,0.0,0.0,0.0,0.0,0.0,0.0,0.0,0.0,0.0,0.0,0.0,0.0,0.0,0.0,0.0,0.0,0.0,0.0,0.0,0.0,0.0,0.0,0.0,0.0,0.0,0.0,0.0,0.0,0.0,0.0,0.0,0.0,0.0,0.0,0.0,0.0,0.0,0.0,0.0,0.0,0.0,0.0,0.0,0.0,0.0,0.0,0.0,0.0,0.0,0.0,0.0,0.0,0.0,0.0,0.0,0.0,0.0,0.0,0.0,0.0,0.0,0.0,0.0,0.0,0.0,0.0,0.0,0.0,0.0,0.0,0.0,0.0,0.0,0.0,0.0,0.0,0.0,0.0,0.0,0.0,0.0,0.0,0.0,0.0,0.0,0.0,0.0,0.0,0.0,0.0,0.0,0.0,0.0,0.0,0.0,0.0,0.0,0.0,0.0,0.0,0.0,0.0,0.0,0.0,0.0,0.0,0.0,0.0,0.0,0.0,0.0,0.0,0.0,0.0,0.0,0.0
35,0.0,0.0,0.0,0.0,0.0,0.0,0.0,0.0,0.0,0.0,0.0,0.0,0.0,0.0,0.0,0.0,0.0,0.0,0.0,0.0,0.0,0.0,0.0,0.0,0.0,0.0,0.0,0.0,0.0,0.0,0.0,0.0,0.0,0.0,0.0,0.0,0.0,0.0,0.0,0.0,0.0,0.0,0.0,0.0,0.0,0.0,0.0,0.0,0.0,0.0,0.0,0.0,0.0,0.0,0.0,0.0,0.0,0.0,0.0,0.0,0.0,0.0,0.0,0.0,0.0,0.0,0.0,0.0,0.0,0.0,0.0,0.0,0.0,0.0,0.0,0.031130671501159668,0.03608983755111694,0.037828803062438965,0.03775995969772339,0.03733426332473755,0.03775942325592041,0.03818029165267944,0.03762334585189819,0.03764766454696655,0.03704822063446045,0.03668326139450073,0.03556680679321289,0.03534740209579468,0.036189138889312744,0.03716480731964111,0.03865242004394531,0.039116859436035156,0.03859061002731323,0.038034677505493164,0.037912189960479736,0.03803306818008423,0.03852105140686035,0.038950204849243164,0.03934943675994873,0.03965771198272705,0.0397908091545105,0.03988063335418701,0.0398411750793457,0.03987771272659302,0.04009824991226196,0.0407065749168396,0.04080694913864136,0.04096674919128418,0.04120993614196777,0.041223108768463135,0.04175543785095215,0.04173654317855835,0.042116522789001465,0.04251831769943237,0.04280358552932739,0.04323476552963257,0.043365538120269775,0.04419630765914917,0.04468017816543579,0.044978976249694824,0.04510539770126343,0.04415923357009888,0.043725669384002686,0.04358571767807007,0.04435247182846069,0.045578956604003906,0.04619789123535156,0.04735076427459717,0.047851622104644775,0.04892885684967041,0.0496598482131958,0.050007760524749756,0.05061262845993042,0.052837371826171875,0.05532187223434448,0.05559641122817993,0.054269373416900635,0.051341474056243896,0.047878384590148926,0.04601544141769409,0.045922696590423584,0.04487264156341553,0.04383063316345215,0.04188793897628784,0.039521753787994385,0.03686344623565674,0.03216755390167236,0.02773064374923706,0.02218914031982422,0.013367414474487305,-0.031761348247528076,-0.036715030670166016,-0.03884536027908325,-0.03844797611236572,-0.037982285022735596,-0.038536667823791504,-0.03856247663497925,-0.03843212127685547,-0.03792548179626465,-0.03754764795303345,-0.03707540035247803,-0.036091387271881104,-0.03584665060043335,-0.03637897968292236,-0.037436723709106445,-0.03888040781021118,-0.039445698261260986,-0.03918635845184326,-0.038408756256103516,-0.038201749324798584,-0.03823840618133545,-0.03874027729034424,-0.03947228193283081,-0.03963440656661987,-0.03964269161224365,-0.039853453636169434,-0.04004204273223877,-0.040137648582458496,-0.039915263652801514,-0.04038441181182861,-0.040822505950927734,-0.041130006313323975,-0.04115790128707886,-0.04142332077026367,-0.04184943437576294,-0.04216110706329346,-0.04217249155044556,-0.04270678758621216,-0.04297441244125366,-0.04366189241409302,-0.04361027479171753,-0.044005393981933594,-0.044618964195251465,-0.04523611068725586,-0.04574704170227051,-0.04547792673110962,-0.045108139514923096,-0.04456806182861328,-0.04420286417007446,-0.04509902000427246,-0.04620307683944702,-0.04720950126647949,-0.04819828271865845,-0.04856693744659424,-0.049707889556884766,-0.05043339729309082,-0.05119210481643677,-0.05157870054244995,-0.05378204584121704,-0.05590963363647461,-0.056424617767333984,-0.05566924810409546,-0.052168190479278564,-0.04896277189254761,-0.04728883504867554,-0.04715836048126221,-0.046438753604888916,-0.04499179124832153,-0.043030738830566406,-0.040866315364837646,-0.038144707679748535,-0.033765971660614014,-0.028899013996124268,-0.02335590124130249,-0.01448899507522583
36,-0.01733154058456421,-0.020166337490081787,-0.022378623485565186,-0.023463070392608643,-0.02420055866241455,-0.02452826499938965,-0.024922072887420654,-0.025462210178375244,-0.026419997215270996,-0.026794910430908203,-0.026287615299224854,-0.025666117668151855,-0.024811983108520508,-0.024309217929840088,-0.024010181427001953,-0.0242997407913208,-0.02492767572402954,-0.026010096073150635,-0.02705681324005127,-0.027732133865356445,-0.02794104814529419,-0.027625322341918945,-0.02727288007736206,-0.02698606252670288,-0.027238547801971436,-0.028007447719573975,-0.028635919094085693,-0.02883213758468628,-0.028696298599243164,-0.028219401836395264,-0.027783572673797607,-0.027473151683807373,-0.027231037616729736,-0.027812957763671875,-0.02835172414779663,-0.02917259931564331,-0.02973616123199463,-0.029865384101867676,-0.029645085334777832,-0.02921164035797119,-0.0287477970123291,-0.02845364809036255,-0.02860027551651001,-0.029071509838104248,-0.029444992542266846,-0.02967625856399536,-0.029897689819335938,-0.030533313751220703,-0.03131401538848877,-0.03167194128036499,-0.0314863920211792,-0.03141915798187256,-0.031103432178497314,-0.030781686305999756,-0.030749619007110596,-0.0311090350151062,-0.031620919704437256,-0.03223615884780884,-0.032647669315338135,-0.03282618522644043,-0.03280365467071533,-0.03229665756225586,-0.031732261180877686,-0.03150773048400879,-0.03128451108932495,-0.030663669109344482,-0.030268192291259766,-0.030838370323181152,-0.0315929651260376,-0.031088948249816895,-0.029689788818359375,-0.027234017848968506,-0.023184120655059814,-0.018041133880615234,-0.012538731098175049,0.0,0.0,0.0,0.0,0.0,0.0,0.0,0.0,0.0,0.0,0.0,0.0,0.0,0.0,0.0,0.0,0.0,0.0,0.0,0.0,0.0,0.0,0.0,0.0,0.0,0.0,0.0,0.0,0.0,0.0,0.0,0.0,0.0,0.0,0.0,0.0,0.0,0.0,0.0,0.0,0.0,0.0,0.0,0.0,0.0,0.0,0.0,0.0,0.0,0.0,0.0,0.0,0.0,0.0,0.0,0.0,0.0,0.0,0.0,0.0,0.0,0.0,0.0,0.0,0.0,0.0,0.0,0.0,0.0,0.0,0.0,0.0,0.0,0.0,0.0,0.0,0.0,0.0,0.0,0.0,0.0,0.0,0.0,0.0,0.0,0.0,0.0,0.0,0.0,0.0,0.0,0.0,0.0,0.0,0.0,0.0,0.0,0.0,0.0,0.0,0.0,0.0,0.0,0.0,0.0,0.0,0.0,0.0,0.0,0.0,0.0,0.0,0.0,0.0,0.0,0.0,0.0,0.0,0.0,0.0,0.0,0.0,0.0,0.0,0.0,0.0,0.0,0.0,0.0,0.0,0.0,0.0,0.0,0.0,0.0,0.0,0.0,0.0,0.0,0.0,0.0,0.0,0.0,0.0,0.0,0.0,0.0,0.0,0.0,0.0
37,0.0,0.0,0.0,0.0,0.0,0.0,0.0,0.0,0.0,0.0,0.0,0.0,0.0,0.0,0.0,0.0,0.0,0.0,0.0,0.0,0.0,0.0,0.0,0.0,0.0,0.0,0.0,0.0,0.0,0.0,0.0,0.0,0.0,0.0,0.0,0.0,0.0,0.0,0.0,0.0,0.0,0.0,0.0,0.0,0.0,0.0,0.0,0.0,0.0,0.0,0.0,0.0,0.0,0.0,0.0,0.0,0.0,0.0,0.0,0.0,0.0,0.0,0.0,0.0,0.0,0.0,0.0,0.0,0.0,0.0,0.0,0.0,0.0,0.0,0.0,0.0,0.0,0.0,0.0,0.0,0.0,0.0,0.0,0.0,0.0,0.0,0.0,0.0,0.0,0.0,0.0,0.0,0.0,0.0,0.0,0.0,0.0,0.0,0.0,0.0,0.0,0.0,0.0,0.0,0.0,0.0,0.0,0.0,0.0,0.0,0.0,0.0,0.0,0.0,0.0,0.0,0.0,0.0,0.0,0.0,0.0,0.0,0.0,0.0,0.0,0.0,0.0,0.0,0.0,0.0,0.0,0.0,0.0,0.0,0.0,0.0,0.0,0.0,0.0,0.0,0.0,0.0,0.0,0.0,0.0,0.0,0.0,0.0,0.0,0.0,0.0,0.0,0.0,0.0,0.0,0.0,0.0,0.0,0.0,0.0,0.0,0.0,0.0,0.0,0.0,0.0,0.0,0.0,0.0,0.0,0.0,0.0,0.0,0.0,0.0,0.0,0.0,0.0,0.0,0.0,0.0,0.0,0.0,0.0,0.0,0.0,0.0,0.0,0.0,0.0,0.0,0.0,0.0,0.0,0.0,0.0,0.0,0.0,0.0,0.0,0.0,0.0,0.0,0.0,0.0,0.0,0.0,0.0,0.0,0.0,0.0,0.0,0.0,0.0,0.0,0.0,0.0,0.0,0.0,0.0,0.0,0.0,0.0,0.0,0.0
38,0.0,0.0,0.0,0.0,0.0,0.0,0.0,0.0,0.0,0.0,0.0,0.0,0.0,0.0,0.0,0.0,0.0,0.0,0.0,0.0,0.0,0.0,0.0,0.0,0.0,0.0,0.0,0.0,0.0,0.0,0.0,0.0,0.0,0.0,0.0,0.0,0.0,0.0,0.0,0.0,0.0,0.0,0.0,0.0,0.0,0.0,0.0,0.0,0.0,0.0,0.0,0.0,0.0,0.0,0.0,0.0,0.0,0.0,0.0,0.0,0.0,0.0,0.0,0.0,0.0,0.0,0.0,0.0,0.0,0.0,0.0,0.0,0.0,0.0,0.0,0.005544066429138184,0.004739999771118164,0.002588033676147461,-0.0003815293312072754,-0.0032699108123779297,-0.006135463714599609,-0.00932997465133667,-0.012519359588623047,-0.015429973602294922,-0.01670694351196289,-0.016697704792022705,-0.015849530696868896,-0.01415872573852539,-0.011624455451965332,-0.007544159889221191,-0.0029715299606323242,0.0016202926635742188,0.005639493465423584,0.009440898895263672,0.013486027717590332,0.016684412956237793,0.018693387508392334,0.019162416458129883,0.01806163787841797,0.01673412322998047,0.014046311378479004,0.009931862354278564,0.004353523254394531,-0.0019162893295288086,-0.0077075958251953125,-0.013205885887145996,-0.018608152866363525,-0.023306429386138916,-0.026075899600982666,-0.026616573333740234,-0.02577066421508789,-0.02330803871154785,-0.019616127014160156,-0.01423501968383789,-0.007489562034606934,-0.0006577372550964355,0.006305038928985596,0.012430310249328613,0.01828610897064209,0.023392915725708008,0.026977896690368652,0.028674185276031494,0.02809959650039673,0.026156187057495117,0.022986531257629395,0.018415987491607666,0.012716472148895264,0.0060021281242370605,-0.00014638900756835938,-0.005421042442321777,-0.010032236576080322,-0.01377016305923462,-0.016897082328796387,-0.01794964075088501,-0.017454564571380615,-0.01587522029876709,-0.013819694519042969,-0.011370301246643066,-0.0071517229080200195,-0.002265453338623047,0.002477884292602539,0.006742358207702637,0.010334670543670654,0.014296770095825195,0.01736438274383545,0.019025802612304688,0.0191078782081604,0.017912566661834717,0.016371309757232666,0.0140913724899292,0.0,0.0,0.0,0.0,0.0,0.0,0.0,0.0,0.0,0.0,0.0,0.0,0.0,0.0,0.0,0.0,0.0,0.0,0.0,0.0,0.0,0.0,0.0,0.0,0.0,0.0,0.0,0.0,0.0,0.0,0.0,0.0,0.0,0.0,0.0,0.0,0.0,0.0,0.0,0.0,0.0,0.0,0.0,0.0,0.0,0.0,0.0,0.0,0.0,0.0,0.0,0.0,0.0,0.0,0.0,0.0,0.0,0.0,0.0,0.0,0.0,0.0,0.0,0.0,0.0,0.0,0.0,0.0,0.0,0.0,0.0,0.0,0.0,0.0,0.0
39,0.0,0.0,0.0,0.0,0.0,0.0,0.0,0.0,0.0,0.0,0.0,0.0,0.0,0.0,0.0,0.0,0.0,0.0,0.0,0.0,0.0,0.0,0.0,0.0,0.0,0.0,0.0,0.0,0.0,0.0,0.0,0.0,0.0,0.0,0.0,0.0,0.0,0.0,0.0,0.0,0.0,0.0,0.0,0.0,0.0,0.0,0.0,0.0,0.0,0.0,0.0,0.0,0.0,0.0,0.0,0.0,0.0,0.0,0.0,0.0,0.0,0.0,0.0,0.0,0.0,0.0,0.0,0.0,0.0,0.0,0.0,0.0,0.0,0.0,0.0,-0.006774306297302246,-0.007917165756225586,-0.009560883045196533,-0.011231064796447754,-0.012321829795837402,-0.013221263885498047,-0.014729797840118408,-0.01671457290649414,-0.018483102321624756,-0.0194394588470459,-0.020362496376037598,-0.021807610988616943,-0.023632407188415527,-0.025339782238006592,-0.02612173557281494,-0.026791155338287354,-0.027985036373138428,-0.029399514198303223,-0.03028005361557007,-0.030525505542755127,-0.030854344367980957,-0.03139019012451172,-0.03214371204376221,-0.03275036811828613,-0.032581329345703125,-0.03239881992340088,-0.03252643346786499,-0.03292948007583618,-0.03257173299789429,-0.03156083822250366,-0.03098452091217041,-0.03068840503692627,-0.030657529830932617,-0.030010581016540527,-0.02879488468170166,-0.027874290943145752,-0.027310550212860107,-0.02691715955734253,-0.02585887908935547,-0.0242922306060791,-0.023033738136291504,-0.021985352039337158,-0.021139085292816162,-0.019730448722839355,-0.01787281036376953,-0.016471683979034424,-0.015326857566833496,-0.01439666748046875,-0.012668490409851074,-0.010789930820465088,-0.009439826011657715,-0.008601605892181396,-0.0080222487449646,-0.006400942802429199,-0.004822254180908203,-0.003815174102783203,-0.003326594829559326,-0.0029861927032470703,-0.00190812349319458,-0.0009021162986755371,-0.00019568204879760742,-0.0001475811004638672,-0.00012135505676269531,0.0005325675010681152,0.0010886788368225098,0.0012106895446777344,0.0009064674377441406,0.0004922151565551758,0.0009105801582336426,0.0011328458786010742,0.0008900165557861328,0.00040465593338012695,0.00015783309936523438,0.0002695918083190918,0.000415802001953125,0.0,0.0,0.0,0.0,0.0,0.0,0.0,0.0,0.0,0.0,0.0,0.0,0.0,0.0,0.0,0.0,0.0,0.0,0.0,0.0,0.0,0.0,0.0,0.0,0.0,0.0,0.0,0.0,0.0,0.0,0.0,0.0,0.0,0.0,0.0,0.0,0.0,0.0,0.0,0.0,0.0,0.0,0.0,0.0,0.0,0.0,0.0,0.0,0.0,0.0,0.0,0.0,0.0,0.0,0.0,0.0,0.0,0.0,0.0,0.0,0.0,0.0,0.0,0.0,0.0,0.0,0.0,0.0,0.0,0.0,0.0,0.0,0.0,0.0,0.0
40,-0.004354953765869141,-0.0054138898849487305,-0.006851851940155029,-0.006930053234100342,-0.007899045944213867,-0.00855952501296997,-0.009933531284332275,-0.011221587657928467,-0.011995315551757812,-0.012811720371246338,-0.013864874839782715,-0.01546412706375122,-0.01666468381881714,-0.01730114221572876,-0.018602192401885986,-0.019530534744262695,-0.021046757698059082,-0.022315919399261475,-0.02294313907623291,-0.02388685941696167,-0.024921834468841553,-0.02659696340560913,-0.027421236038208008,-0.027965247631072998,-0.02895057201385498,-0.029823780059814453,-0.03134596347808838,-0.03204435110092163,-0.032409489154815674,-0.03331691026687622,-0.033622026443481445,-0.034864842891693115,-0.0350760817527771,-0.035405755043029785,-0.0356670618057251,-0.03615826368331909,-0.03710508346557617,-0.03682410717010498,-0.03703045845031738,-0.03690826892852783,-0.037121474742889404,-0.03744196891784668,-0.03683614730834961,-0.03657263517379761,-0.036157310009002686,-0.03585457801818848,-0.03606206178665161,-0.035282135009765625,-0.034628093242645264,-0.033653855323791504,-0.03322726488113403,-0.03288567066192627,-0.03179466724395752,-0.030936777591705322,-0.029661595821380615,-0.02898430824279785,-0.028388798236846924,-0.027098238468170166,-0.02605617046356201,-0.024734318256378174,-0.024068892002105713,-0.023127853870391846,-0.021786212921142578,-0.02080327272415161,-0.0192415714263916,-0.01846712827682495,-0.017729461193084717,-0.016157865524291992,-0.015111088752746582,-0.01373279094696045,-0.013334512710571289,-0.01225215196609497,-0.010877907276153564,-0.009783387184143066,-0.008622288703918457,0.0,0.0,0.0,0.0,0.0,0.0,0.0,0.0,0.0,0.0,0.0,0.0,0.0,0.0,0.0,0.0,0.0,0.0,0.0,0.0,0.0,0.0,0.0,0.0,0.0,0.0,0.0,0.0,0.0,0.0,0.0,0.0,0.0,0.0,0.0,0.0,0.0,0.0,0.0,0.0,0.0,0.0,0.0,0.0,0.0,0.0,0.0,0.0,0.0,0.0,0.0,0.0,0.0,0.0,0.0,0.0,0.0,0.0,0.0,0.0,0.0,0.0,0.0,0.0,0.0,0.0,0.0,0.0,0.0,0.0,0.0,0.0,0.0,0.0,0.0,0.0,0.0,0.0,0.0,0.0,0.0,0.0,0.0,0.0,0.0,0.0,0.0,0.0,0.0,0.0,0.0,0.0,0.0,0.0,0.0,0.0,0.0,0.0,0.0,0.0,0.0,0.0,0.0,0.0,0.0,0.0,0.0,0.0,0.0,0.0,0.0,0.0,0.0,0.0,0.0,0.0,0.0,0.0,0.0,0.0,0.0,0.0,0.0,0.0,0.0,0.0,0.0,0.0,0.0,0.0,0.0,0.0,0.0,0.0,0.0,0.0,0.0,0.0,0.0,0.0,0.0,0.0,0.0,0.0,0.0,0.0,0.0,0.0,0.0,0.0
41,0.007918477058410645,0.009282827377319336,0.01010894775390625,0.010864853858947754,0.011488258838653564,0.012282073497772217,0.013625562191009521,0.014890849590301514,0.015673696994781494,0.016691982746124268,0.017731428146362305,0.01939070224761963,0.02040088176727295,0.02124875783920288,0.022079765796661377,0.023123621940612793,0.02473592758178711,0.02585083246231079,0.026804566383361816,0.02724999189376831,0.02837306261062622,0.029827594757080078,0.0310213565826416,0.031700968742370605,0.03210568428039551,0.03330683708190918,0.034633517265319824,0.03525882959365845,0.035763561725616455,0.036285996437072754,0.03690415620803833,0.037763357162475586,0.03783082962036133,0.03812664747238159,0.03843182325363159,0.0386924147605896,0.039192020893096924,0.03927332162857056,0.0390356183052063,0.03852957487106323,0.03861570358276367,0.03879714012145996,0.03841930627822876,0.037673234939575195,0.0371088981628418,0.03701823949813843,0.036888957023620605,0.03603178262710571,0.03517371416091919,0.03420257568359375,0.03362905979156494,0.032955169677734375,0.031972289085388184,0.030978858470916748,0.029729366302490234,0.029076337814331055,0.028120696544647217,0.02668696641921997,0.02561873197555542,0.02445167303085327,0.02370542287826538,0.022784829139709473,0.02145177125930786,0.020057976245880127,0.018810629844665527,0.018184423446655273,0.017209351062774658,0.015579700469970703,0.01423025131225586,0.012973129749298096,0.012767136096954346,0.011961400508880615,0.010665655136108398,0.009470760822296143,0.008402764797210693,0.0,0.0,0.0,0.0,0.0,0.0,0.0,0.0,0.0,0.0,0.0,0.0,0.0,0.0,0.0,0.0,0.0,0.0,0.0,0.0,0.0,0.0,0.0,0.0,0.0,0.0,0.0,0.0,0.0,0.0,0.0,0.0,0.0,0.0,0.0,0.0,0.0,0.0,0.0,0.0,0.0,0.0,0.0,0.0,0.0,0.0,0.0,0.0,0.0,0.0,0.0,0.0,0.0,0.0,0.0,0.0,0.0,0.0,0.0,0.0,0.0,0.0,0.0,0.0,0.0,0.0,0.0,0.0,0.0,0.0,0.0,0.0,0.0,0.0,0.0,0.0,0.0,0.0,0.0,0.0,0.0,0.0,0.0,0.0,0.0,0.0,0.0,0.0,0.0,0.0,0.0,0.0,0.0,0.0,0.0,0.0,0.0,0.0,0.0,0.0,0.0,0.0,0.0,0.0,0.0,0.0,0.0,0.0,0.0,0.0,0.0,0.0,0.0,0.0,0.0,0.0,0.0,0.0,0.0,0.0,0.0,0.0,0.0,0.0,0.0,0.0,0.0,0.0,0.0,0.0,0.0,0.0,0.0,0.0,0.0,0.0,0.0,0.0,0.0,0.0,0.0,0.0,0.0,0.0,0.0,0.0,0.0,0.0,0.0,0.0
42,0.012826919555664062,0.013772785663604736,0.014453113079071045,0.015152812004089355,0.015540778636932373,0.015685975551605225,0.016535699367523193,0.017651081085205078,0.018673956394195557,0.019349515438079834,0.02000957727432251,0.021183013916015625,0.022256195545196533,0.022926747798919678,0.02310580015182495,0.022775650024414062,0.023344874382019043,0.023780882358551025,0.02337580919265747,0.023432254791259766,0.02334916591644287,0.023605048656463623,0.023986518383026123,0.02421736717224121,0.024712026119232178,0.02559894323348999,0.0260239839553833,0.026928305625915527,0.028544604778289795,0.029789388179779053,0.030077457427978516,0.031196236610412598,0.030892789363861084,0.0306854248046875,0.030420124530792236,0.030279040336608887,0.030605018138885498,0.030758440494537354,0.03136998414993286,0.03117239475250244,0.031408727169036865,0.0324099063873291,0.03336447477340698,0.03324782848358154,0.03381490707397461,0.0338822603225708,0.035170912742614746,0.03596317768096924,0.03623896837234497,0.03608512878417969,0.035486817359924316,0.035086750984191895,0.03498882055282593,0.03451836109161377,0.033373117446899414,0.03316682577133179,0.03319758176803589,0.03376030921936035,0.03255283832550049,0.03146451711654663,0.030500054359436035,0.02901560068130493,0.02825748920440674,0.02650010585784912,0.02396315336227417,0.021081507205963135,0.01837712526321411,0.015994250774383545,0.013358116149902344,0.010432958602905273,0.00827878713607788,0.006719112396240234,0.005084633827209473,0.00411456823348999,0.0033829212188720703,0.0,0.0,0.0,0.0,0.0,0.0,0.0,0.0,0.0,0.0,0.0,0.0,0.0,0.0,0.0,0.0,0.0,0.0,0.0,0.0,0.0,0.0,0.0,0.0,0.0,0.0,0.0,0.0,0.0,0.0,0.0,0.0,0.0,0.0,0.0,0.0,0.0,0.0,0.0,0.0,0.0,0.0,0.0,0.0,0.0,0.0,0.0,0.0,0.0,0.0,0.0,0.0,0.0,0.0,0.0,0.0,0.0,0.0,0.0,0.0,0.0,0.0,0.0,0.0,0.0,0.0,0.0,0.0,0.0,0.0,0.0,0.0,0.0,0.0,0.0,0.0,0.0,0.0,0.0,0.0,0.0,0.0,0.0,0.0,0.0,0.0,0.0,0.0,0.0,0.0,0.0,0.0,0.0,0.0,0.0,0.0,0.0,0.0,0.0,0.0,0.0,0.0,0.0,0.0,0.0,0.0,0.0,0.0,0.0,0.0,0.0,0.0,0.0,0.0,0.0,0.0,0.0,0.0,0.0,0.0,0.0,0.0,0.0,0.0,0.0,0.0,0.0,0.0,0.0,0.0,0.0,0.0,0.0,0.0,0.0,0.0,0.0,0.0,0.0,0.0,0.0,0.0,0.0,0.0,0.0,0.0,0.0,0.0,0.0,0.0
43,0.0,0.0,0.0,0.0,0.0,0.0,0.0,0.0,0.0,0.0,0.0,0.0,0.0,0.0,0.0,0.0,0.0,0.0,0.0,0.0,0.0,0.0,0.0,0.0,0.0,0.0,0.0,0.0,0.0,0.0,0.0,0.0,0.0,0.0,0.0,0.0,0.0,0.0,0.0,0.0,0.0,0.0,0.0,0.0,0.0,0.0,0.0,0.0,0.0,0.0,0.0,0.0,0.0,0.0,0.0,0.0,0.0,0.0,0.0,0.0,0.0,0.0,0.0,0.0,0.0,0.0,0.0,0.0,0.0,0.0,0.0,0.0,0.0,0.0,0.0,0.010013461112976074,0.011103928089141846,0.0123710036277771,0.01401585340499878,0.015486180782318115,0.0164792537689209,0.01716899871826172,0.0179632306098938,0.019476890563964844,0.020693182945251465,0.021222054958343506,0.02223837375640869,0.023274600505828857,0.024598419666290283,0.025791168212890625,0.02624112367630005,0.02715897560119629,0.028417468070983887,0.03006279468536377,0.03145533800125122,0.032047808170318604,0.032261013984680176,0.03258204460144043,0.03356856107711792,0.034591853618621826,0.035099923610687256,0.036099910736083984,0.037521421909332275,0.039303362369537354,0.040289342403411865,0.04048246145248413,0.041119933128356934,0.042605459690093994,0.04427844285964966,0.045422136783599854,0.045474350452423096,0.04545128345489502,0.045307695865631104,0.047103047370910645,0.049559831619262695,0.051904916763305664,0.05311018228530884,0.053364336490631104,0.052192628383636475,0.0492786169052124,0.046742260456085205,0.04455035924911499,0.0432734489440918,0.044078707695007324,0.044212520122528076,0.04316216707229614,0.04306626319885254,0.04350137710571289,0.043669283390045166,0.042841970920562744,0.04150313138961792,0.040343403816223145,0.041693687438964844,0.044447124004364014,0.04549705982208252,0.046242594718933105,0.046335577964782715,0.047028183937072754,0.04768550395965576,0.04866945743560791,0.049844980239868164,0.051462650299072266,0.05147373676300049,0.04846733808517456,0.039152324199676514,0.02759343385696411,0.01939713954925537,0.014286398887634277,0.009836733341217041,0.004334807395935059,-0.0112990140914917,-0.012622356414794922,-0.013834893703460693,-0.015311896800994873,-0.016888320446014404,-0.018061697483062744,-0.018726348876953125,-0.0191536545753479,-0.020377814769744873,-0.021833479404449463,-0.02280735969543457,-0.023597538471221924,-0.024141371250152588,-0.025134921073913574,-0.02653670310974121,-0.027318716049194336,-0.027807414531707764,-0.028494656085968018,-0.03001612424850464,-0.03159642219543457,-0.0323675274848938,-0.032170236110687256,-0.03189033269882202,-0.03261876106262207,-0.03373640775680542,-0.034667789936065674,-0.035172462463378906,-0.036152184009552,-0.03760582208633423,-0.038826048374176025,-0.03935551643371582,-0.039331138134002686,-0.040216267108917236,-0.04163914918899536,-0.04293090105056763,-0.04329109191894531,-0.04256564378738403,-0.04172879457473755,-0.04333990812301636,-0.04605740308761597,-0.048606932163238525,-0.04906374216079712,-0.04876655340194702,-0.04753082990646362,-0.04493546485900879,-0.042484819889068604,-0.039764463901519775,-0.03799229860305786,-0.03879964351654053,-0.03930807113647461,-0.03858828544616699,-0.03784066438674927,-0.03776460886001587,-0.03803366422653198,-0.03764384984970093,-0.03624695539474487,-0.03464239835739136,-0.035867929458618164,-0.038827717304229736,-0.040289461612701416,-0.0409778356552124,-0.040587782859802246,-0.04114854335784912,-0.04215407371520996,-0.04369974136352539,-0.04476886987686157,-0.04608982801437378,-0.04600638151168823,-0.04334914684295654,-0.034616827964782715,-0.02289104461669922,-0.014491021633148193,-0.009490251541137695,-0.0052585601806640625,-0.00032842159271240234
44,-0.007496058940887451,-0.008727610111236572,-0.010468780994415283,-0.012400627136230469,-0.014130651950836182,-0.015680670738220215,-0.017572104930877686,-0.019573569297790527,-0.021602153778076172,-0.023366034030914307,-0.024891376495361328,-0.02647709846496582,-0.027820885181427002,-0.028116941452026367,-0.027906179428100586,-0.0272214412689209,-0.026887178421020508,-0.026377201080322266,-0.02562260627746582,-0.02450120449066162,-0.0234072208404541,-0.02304542064666748,-0.023223280906677246,-0.0238991379737854,-0.024318456649780273,-0.025326311588287354,-0.02696329355239868,-0.028191447257995605,-0.02845853567123413,-0.02781200408935547,-0.027457594871520996,-0.027174532413482666,-0.027275562286376953,-0.027248144149780273,-0.027354717254638672,-0.027850985527038574,-0.02863943576812744,-0.029268860816955566,-0.02946627140045166,-0.029227793216705322,-0.0293157696723938,-0.029855787754058838,-0.030419886112213135,-0.03057229518890381,-0.03142601251602173,-0.032436907291412354,-0.033895254135131836,-0.035369932651519775,-0.03677433729171753,-0.03746175765991211,-0.03798717260360718,-0.03864258527755737,-0.03808873891830444,-0.03639113903045654,-0.034434616565704346,-0.03229647874832153,-0.030219435691833496,-0.028087258338928223,-0.026168763637542725,-0.024574756622314453,-0.023730218410491943,-0.023401916027069092,-0.022923827171325684,-0.022281646728515625,-0.02182251214981079,-0.021091461181640625,-0.02077794075012207,-0.018940865993499756,-0.01647096872329712,-0.013268649578094482,-0.009665071964263916,-0.006083309650421143,-0.0028918981552124023,0.0003046393394470215,0.002383112907409668,0.0,0.0,0.0,0.0,0.0,0.0,0.0,0.0,0.0,0.0,0.0,0.0,0.0,0.0,0.0,0.0,0.0,0.0,0.0,0.0,0.0,0.0,0.0,0.0,0.0,0.0,0.0,0.0,0.0,0.0,0.0,0.0,0.0,0.0,0.0,0.0,0.0,0.0,0.0,0.0,0.0,0.0,0.0,0.0,0.0,0.0,0.0,0.0,0.0,0.0,0.0,0.0,0.0,0.0,0.0,0.0,0.0,0.0,0.0,0.0,0.0,0.0,0.0,0.0,0.0,0.0,0.0,0.0,0.0,0.0,0.0,0.0,0.0,0.0,0.0,0.0,0.0,0.0,0.0,0.0,0.0,0.0,0.0,0.0,0.0,0.0,0.0,0.0,0.0,0.0,0.0,0.0,0.0,0.0,0.0,0.0,0.0,0.0,0.0,0.0,0.0,0.0,0.0,0.0,0.0,0.0,0.0,0.0,0.0,0.0,0.0,0.0,0.0,0.0,0.0,0.0,0.0,0.0,0.0,0.0,0.0,0.0,0.0,0.0,0.0,0.0,0.0,0.0,0.0,0.0,0.0,0.0,0.0,0.0,0.0,0.0,0.0,0.0,0.0,0.0,0.0,0.0,0.0,0.0,0.0,0.0,0.0,0.0,0.0,0.0
45,0.02734297513961792,0.029844343662261963,0.029966652393341064,0.029682397842407227,0.030973076820373535,0.03176462650299072,0.031159937381744385,0.0303574800491333,0.03067159652709961,0.03177380561828613,0.03333914279937744,0.0339658260345459,0.03389298915863037,0.03390860557556152,0.034304916858673096,0.034330129623413086,0.03421306610107422,0.03432554006576538,0.03518456220626831,0.035185933113098145,0.034458160400390625,0.033992767333984375,0.03469163179397583,0.035265207290649414,0.03557157516479492,0.0361064076423645,0.0366513729095459,0.037142276763916016,0.036329448223114014,0.03529500961303711,0.034931838512420654,0.03633129596710205,0.03674799203872681,0.03618597984313965,0.035984575748443604,0.03609281778335571,0.03725147247314453,0.03744548559188843,0.036870598793029785,0.036476314067840576,0.03711080551147461,0.03799426555633545,0.03693658113479614,0.03569513559341431,0.033993661403656006,0.03197956085205078,0.03174871206283569,0.032373130321502686,0.0331573486328125,0.03336513042449951,0.03327679634094238,0.034493207931518555,0.035577595233917236,0.035964250564575195,0.03663283586502075,0.03434181213378906,0.032882094383239746,0.033318281173706055,0.03331106901168823,0.03266036510467529,0.033306121826171875,0.03436899185180664,0.032831430435180664,0.032237350940704346,0.032359778881073,0.03006225824356079,0.028179168701171875,0.027577459812164307,0.026123344898223877,0.026189327239990234,0.02817457914352417,0.028926372528076172,0.027329087257385254,0.02357351779937744,0.014810323715209961,0.004267752170562744,0.0055776238441467285,0.005476057529449463,0.005738973617553711,0.006603658199310303,0.007628679275512695,0.008028626441955566,0.008160173892974854,0.00871366262435913,0.0095139741897583,0.01044529676437378,0.011200368404388428,0.012141406536102295,0.01296854019165039,0.013290762901306152,0.013980865478515625,0.014957249164581299,0.01574808359146118,0.016170024871826172,0.016305208206176758,0.016747236251831055,0.01748591661453247,0.018254876136779785,0.018864214420318604,0.01946866512298584,0.020071208477020264,0.020611226558685303,0.021022677421569824,0.02129441499710083,0.020457804203033447,0.020586848258972168,0.021675705909729004,0.022743821144104004,0.02289414405822754,0.022650182247161865,0.023132681846618652,0.02438044548034668,0.025118708610534668,0.02520620822906494,0.02583068609237671,0.027478456497192383,0.028381943702697754,0.027588963508605957,0.026287555694580078,0.024391353130340576,0.023203909397125244,0.023813486099243164,0.024450302124023438,0.024704039096832275,0.024896562099456787,0.02583026885986328,0.02749544382095337,0.028666436672210693,0.029437720775604248,0.03049713373184204,0.028598129749298096,0.02686786651611328,0.027548909187316895,0.02777642011642456,0.02788245677947998,0.029017508029937744,0.029681742191314697,0.028633713722229004,0.028784096240997314,0.02845442295074463,0.026532292366027832,0.02514702081680298,0.024861395359039307,0.023287713527679443,0.023503601551055908,0.02642965316772461,0.026990294456481934,0.025305449962615967,0.02200263738632202,0.013413071632385254,-0.0064615607261657715,-0.008174657821655273,-0.00863802433013916,-0.008037805557250977,-0.008626163005828857,-0.00999605655670166,-0.010202407836914062,-0.010443508625030518,-0.011095523834228516,-0.011862337589263916,-0.012679874897003174,-0.013401806354522705,-0.014512300491333008,-0.01549994945526123,-0.01582014560699463,-0.016055941581726074,-0.016805291175842285,-0.017983198165893555,-0.019098520278930664,-0.01931607723236084,-0.019415199756622314,-0.019967079162597656,-0.02098292112350464,-0.02143007516860962,-0.021751105785369873,-0.021975398063659668,-0.02259528636932373,-0.023119747638702393,-0.0231664776802063,-0.022619128227233887,-0.02292412519454956,-0.024182021617889404,-0.0254288911819458,-0.02538299560546875,-0.025044679641723633,-0.025234460830688477,-0.026229441165924072,-0.02714294195175171,-0.027897179126739502,-0.028691530227661133,-0.02983468770980835,-0.03079777956008911,-0.03046417236328125,-0.028364837169647217,-0.026037871837615967,-0.025017976760864258,-0.025606095790863037,-0.02641427516937256,-0.026511847972869873,-0.02678227424621582,-0.027775228023529053,-0.030155479907989502,-0.031967997550964355,-0.03182929754257202,-0.032121896743774414,-0.029987573623657227,-0.028115034103393555,-0.02891826629638672,-0.03038811683654785,-0.030816972255706787,-0.03123342990875244,-0.032819151878356934,-0.03231501579284668,-0.030080974102020264,-0.028824448585510254,-0.027269959449768066,-0.02640622854232788,-0.026762783527374268,-0.02530217170715332,-0.024979591369628906,-0.0269622802734375,-0.02954888343811035,-0.02966439723968506,-0.024967551231384277,-0.015361905097961426
